depmap_id,cell_line_display_name,ERLOTINIB (GDSC1:1),AICA RIBONUCLEOTIDE (GDSC1:1001),VELBAN (GDSC1:1004),CIS-DDP (GDSC1:1005),CYTARABINE (GDSC1:1006),DOCETAXEL (GDSC1:1007),ABITREXATE (GDSC1:1008),ATRA (GDSC1:1009),GEFITINIB (GDSC1:1010),NAVITOCLAX (GDSC1:1011),MK-0683 (GDSC1:1012),NILOTINIB (GDSC1:1013),BAY 869766 (GDSC1:1014),212631-79-3 (GDSC1:1015),AY-22989 (GDSC1:1016),OLAPARIB (GDSC1:1017),ABT 888 (GDSC1:1018),BOSULIF (GDSC1:1019),LENALIDOMIDE (GDSC1:1020),AG-13736 (GDSC1:1021),AZD7762 (GDSC1:1022),GW 441756 (GDSC1:1023),A-154475 (GDSC1:1024),SB 216763 (GDSC1:1025),17-AAG (GDSC1:1026),VX 702 (GDSC1:1028),AMG 706 (GDSC1:1029),KU-55933 (GDSC1:1030),ELESCLOMOL (GDSC1:1031),AFATINIB (GDSC1:1032),VISMODEGIB (GDSC1:1033),PLX 4720 (GDSC1:1036),BX-795 (GDSC1:1037),KU-57788 (GDSC1:1038),SL 0101-1 (GDSC1:1039),BORTEZOMIB (GDSC1:104),BIRB 796 (GDSC1:1042),JNK INHIBITOR VIII (GDSC1:1043),681640 (GDSC1:1046),NUTLIN-3A (-) (GDSC1:1047),MIRIN (GDSC1:1048),PD 173074 (GDSC1:1049),ZM 447439 (GDSC1:1050),RO-3306 (GDSC1:1052),MK 2206 (GDSC1:1053),PALBOCICLIB (GDSC1:1054),BEZ235 (GDSC1:1057),PICTILISIB (GDSC1:1058),AZD-8055 (GDSC1:1059),ERK5-IN-1 (GDSC1:106),PD 0325901 (GDSC1:1060),SB-590885 (GDSC1:1061),ARRY-886 (GDSC1:1062),AK-55409 (GDSC1:1066),CCT007093 (GDSC1:1067),EHT 1864 (GDSC1:1069),AVAGACESTAT (GDSC1:1072),BMS 536924 (GDSC1:1091),PACLITAXEL (GDSC1:11),AL-39256 (GDSC1:110),EIF-2ALPHA INHIBITOR (GDSC1:111),C225 (GDSC1:1114),PF 4708671 (GDSC1:1129),JNJ-26854165 (GDSC1:1133),HG-5-113-01 (GDSC1:1142),HG-5-88-01 (GDSC1:1143),TW 37 (GDSC1:1149),XMD11-85H (GDSC1:1158),ZG-10 (GDSC1:1161),XMD 8-92 (GDSC1:1164),QL-VIII-58 (GDSC1:1166),CCT 018159 (GDSC1:1170),AG-014699 (GDSC1:1175),LAPATINIB (GDSC1:119),GSK 269962A (GDSC1:1192),SB 505124 (GDSC1:1194),ICI-46474 (GDSC1:1199),QL-XII-61 (GDSC1:1203),(+)-JQ-1 (GDSC1:1218),PFI-1 (GDSC1:1219),AK176060 (GDSC1:1230),UNC 0683 (GDSC1:1236),YK 4-279 (GDSC1:1239),LADUVIGLUSIB (GDSC1:1241),(5Z)-7-OXOZEAENOL (GDSC1:1242),PIPERLONGUMINE (GDSC1:1243),APO866 (GDSC1:1248),TALAZOPARIB (GDSC1:1259),RTRAIL (GDSC1:1261),UNC-1215 (GDSC1:1262),UNC0642 (GDSC1:1263),SGC0946 (GDSC1:1264),ICL1100013 (GDSC1:1266),NVP-XAV939 (GDSC1:1268),GSK 269962A (GDSC1:127),DOXORUBICIN (GDSC1:133),ETOPOSIDE (GDSC1:134),GEMCITABINE (GDSC1:135),MITOMYCIN-C (GDSC1:136),PLX 4720 (GDSC1:1371),TRAMETINIB (GDSC1:1372),DABRAFENIB (GDSC1:1373),M-39831 (GDSC1:1375),AFATINIB (GDSC1:1377),BLEOMYCIN (50 UM) (GDSC1:1378),EXELBINE (GDSC1:140),NSC 87877 (GDSC1:147),SN38 (GDSC1:1494),OLAPARIB (GDSC1:1495),ARRY-886 (GDSC1:1498),BICALUTAMIDE (GDSC1:150),BICALUTAMIDE (GDSC1:1502),944328-88-5 (GDSC1:151),1080622-86-1 (GDSC1:152),BAY 869766 (GDSC1:1526),PICTILISIB (GDSC1:1527),PEVONEDISTAT (GDSC1:1529),BENZOYLSTAUROSPORINE (GDSC1:153),AOB2221 (GDSC1:1530),LADUVIGLUSIB (GDSC1:154),AP-24534 (GDSC1:155),AK-55409 (GDSC1:156),JNK INHIBITOR 9L (GDSC1:157),PF-00562271 (GDSC1:158),HG6-64-1 (GDSC1:159),(+)-JQ-1 (GDSC1:163),JQ12 (GDSC1:164),DIMETHYLOXALYLGLCINE (GDSC1:165),FTI-277 (GDSC1:166),AR-12 (GDSC1:167),CYCLOPAMINE (GDSC1:17),ANCHUSIN (GDSC1:170),AKT INHIBITOR VIII (GDSC1:171),EMBELIC ACID (GDSC1:172),FH535 (GDSC1:173),GTPL5238 (GDSC1:175),IPA 3 (GDSC1:176),GSK 650394 (GDSC1:177),BAY-61-3606 (GDSC1:178),FLUOROURACIL (GDSC1:179),OCTANOIC ACID (GDSC1:180),GX15-070 (GDSC1:182),BMS-754807 (GDSC1:184),ASP-7487 (GDSC1:185),BEXAROTENE (GDSC1:186),BLEOMYCIN (GDSC1:190),DDE-28 (GDSC1:192),CFMS RECEPTOR TYROSINE KINASE INHIBITOR (GDSC1:193),AUY (GDSC1:194),DBI (GDSC1:196),BRYOSTATIN (GDSC1:197),PAZOPANIB (GDSC1:199),DACINOSTAT (GDSC1:200),EPO906 (GDSC1:201),GSK 1904529A (GDSC1:202),BMS-345541 (GDSC1:203),TIPIFARNIB (GDSC1:204),AVAGACESTAT (GDSC1:205),RUXOLITINIB (GDSC1:206),AS601245 (GDSC1:207),ISPINESIB (GDSC1:208),TL-2-105 (GDSC1:211),AT-7519 (GDSC1:219),KIN001-201 (GDSC1:221),BX-912 (GDSC1:222),KIN001-167 (GDSC1:223),AS-605240 (GDSC1:224),GENENTECH CPD 10 (GDSC1:225),GSK-1070916 (GDSC1:226),AKT INHIBITOR VIII (GDSC1:228),ENZASTAURIN (GDSC1:229),GSK429286A (GDSC1:230),FMK (GDSC1:231),QL-XII-47 (GDSC1:235),IC-87114 (GDSC1:236),CAL-101 (GDSC1:238),UNC 0683 (GDSC1:245),CABOZANTINIB (GDSC1:249),WZ3105 (GDSC1:252),XMD14-99 (GDSC1:253),AC 220 (GDSC1:254),CP-724714 (GDSC1:255),JW-7-24-1 (GDSC1:256),NPK76-II-72-1 (GDSC1:257),STF-62247 (GDSC1:258),NG-25 (GDSC1:260),TL-1-85 (GDSC1:261),VX-11E (GDSC1:262),ERK INHIBITOR II (GDSC1:263),ACY-1215 (GDSC1:264),TUBASTATIN A (GDSC1:265),ZD-4054 (GDSC1:266),SEPANTRONIUM BROMIDE (GDSC1:268),NSC-207895 (GDSC1:269),HDAC INHIBITOR XV (GDSC1:271),AR 42 (GDSC1:272),CUDC 101 (GDSC1:273),BELINOSTAT (GDSC1:274),GSK525762A (GDSC1:275),CAY10603 (GDSC1:276),ABT 869 (GDSC1:277),BIX 02189 (GDSC1:279),ALECENSA (GDSC1:281),EKB 569 (GDSC1:282),EX-8678 (GDSC1:283),JNJ38877605 (GDSC1:284),SU-11274 (GDSC1:285),KIN001-236 (GDSC1:286),KIN001-244 (GDSC1:287),AC1L1GQE (GDSC1:288),KIN001-042 (GDSC1:289),AZ-628 (GDSC1:29),ACHP (GDSC1:290),KIN001-266 (GDSC1:291),AB1010 (GDSC1:292),AMUVATINIB (GDSC1:293),MPS-1-IN-1 (GDSC1:294),BHG712 (GDSC1:295),OSI 930 OSI930 (GDSC1:298),A-1065-5 (GDSC1:299),AY-22989 (GDSC1:3),284461-73-0 (GDSC1:30),CX 5461 (GDSC1:300),PHA 793887 (GDSC1:301),PI 103 (GDSC1:302),PIK 93 (GDSC1:303),SB 52334 (GDSC1:304),TPCA-1 (GDSC1:305),FEDRATINIB (GDSC1:306),EXEL-2880 (GDSC1:308),Y-39983 (GDSC1:309),YM 201636 (GDSC1:310),ASP-4130 (GDSC1:312),WYE-125132 (GDSC1:317),MK 0457 (GDSC1:32),GSK 690693 (GDSC1:326),SNX 2112 (GDSC1:328),QL-XI-92 (GDSC1:329),XMD13-2 (GDSC1:330),QL-X-138 (GDSC1:331),XMD15-27 (GDSC1:332),T0901317 (GDSC1:333),IMATINIB (GDSC1:34),EX 527 (GDSC1:341),TENOVIN-6 (GDSC1:342),THZ-2-49 (GDSC1:344),CDK9 INHIBITOR (GDSC1:345),THZ-2-102-1 (GDSC1:346),NVP-TAE 684 (GDSC1:35),AT7867 (GDSC1:356),CI-1033 (GDSC1:362),PF-00299804 (GDSC1:363),TWS119 (GDSC1:366),CRIZOTINIB (GDSC1:37),TORIN 2 (GDSC1:371),PILARALISIB (GDSC1:372),GSK1059615 (GDSC1:374),SAR245409 (GDSC1:375),"BRIVANIB, BMS-540215 (GDSC1:376)",AZ-10353926 (GDSC1:38),BIBF-1120 (GDSC1:380),AST-1306 (GDSC1:381),APITOLISIB (GDSC1:382),LIMK1 INHIBITOR BMS4 (GDSC1:406),KB NB 142-70 (GDSC1:407),PF-543 (GDSC1:408),"EEF2K INHIBITOR, A-484954 (GDSC1:409)",NSC 83265 (GDSC1:41),"METAP2 INHIBITOR, A832234 (GDSC1:410)",VENETOCLAX (GDSC1:412),CPI-613 (GDSC1:415),CAY10566 (GDSC1:416),9-??-D-ARABINOFURANOSYL GUANINE (GDSC1:427),PEMETREXED (GDSC1:428),ALISERTIB (GDSC1:431),FLAVOPIRIDOL (GDSC1:432),C-75 (GDSC1:435),"CAP-232, TT-232, TLN-232 (GDSC1:436)",TRICHOSTATIN A (GDSC1:437),FARYDAK (GDSC1:438),LCL161 (GDSC1:439),IMD-0354 (GDSC1:442),MIM 1 (GDSC1:446),ETP-45835 (GDSC1:447),CD532 (GDSC1:449),GAMMA-SECRETASE INHIBITOR 1 (GDSC1:45),NSC319726 (GDSC1:461),ARRY-520 (GDSC1:474),SB 505124 (GDSC1:476),A-83-01 (GDSC1:477),LDN-193189 (GDSC1:478),SU-11248 (GDSC1:5),DASATINIB (GDSC1:51),GNF-2 (GDSC1:52),CGP 60474 (GDSC1:53),CGP-082996 (GDSC1:54),FINGOLIMOD HYDROCHLORIDE; GILENYA; TDI-132; IMUSERA; GILENIA (GDSC1:546),A-770041 (GDSC1:55),BAM7 (GDSC1:552),KIN001-112 (GDSC1:56),AGI-6780 (GDSC1:562),KOBE2602 (GDSC1:563),LGK-974 (GDSC1:573),WNT-C59 (GDSC1:574),RU-SKI 43 (GDSC1:576),KIN001-123 (GDSC1:59),PHA 665752 (GDSC1:6),BI-2536 (GDSC1:60),BMS 536924 (GDSC1:62),BMS-509744 (GDSC1:63),CMK (GDSC1:64),CHLORIDINE (GDSC1:71),JW-7-52-1 (GDSC1:83),A-443654 (GDSC1:86),GW843682X (GDSC1:87),ENTINOSTAT (GDSC1:88),PARTHENOLIDE (GDSC1:89),LLL CPD (GDSC1:9),GSK319347A (GDSC1:91),TGX 221 (GDSC1:94)
ACH-000001,NIHOVCAR3,,0.979005595,0.523455312,0.862517324,0.882429504,0.859298749,0.907042394,0.890397464,0.994197571,0.927216097,0.870540389,,0.917316945,0.935618105,0.897016229,,,0.953402123,0.967799027,,0.697482994,,0.817352458,,0.841536242,0.976934189,0.969607171,0.966069894,0.866362437,0.912821518,,0.970836379,0.903424131,0.964406707,0.977511727,,0.970204651,0.984339238,0.867290319,0.924726517,0.772787206,,0.849514046,0.871776734,0.766052275,0.854142918,0.86522458,0.898998391,0.8464449,,0.88465564,,0.930237798,0.784002522,,0.96465449,0.993131834,0.937270119,,,,,0.929898257,0.877251832,0.785851955,0.934447997,0.643710317,0.987101191,0.71642669,0.952540481,0.338545582,0.962099657,0.958150721,,0.939326319,,0.989793626,0.982604982,,0.919049915,,0.919105821,0.668020018,0.910627306,0.840083327,0.812008583,0.580948067,0.805143502,0.702110317,,0.990266759,,0.808407782,0.937993522,,0.763213958,0.910160896,0.675096231,0.572242939,0.990703978,0.976692414,0.986423916,,0.943155434,0.604333518,0.658114637,0.995913265,0.700851139,0.95199577,,0.995370569,,0.982634206,0.920947234,0.929464302,0.693851666,0.886773417,0.959203393,0.990850254,0.948434869,0.99152646,0.650239977,0.64988061,0.909803084,0.847043421,0.819571747,0.907584051,0.535942087,,0.898340631,,0.438756547,0.832683214,0.808014725,0.741468483,0.854710772,0.91308904,0.906570801,0.936380603,,0.324976688,0.503787723,0.862702859,0.886963335,0.859215519,0.784799016,0.941483809,0.978879149,0.790065903,0.763070159,,0.897077698,0.483315666,0.701333401,,0.969679824,0.820489525,,0.998243253,0.907612614,0.992305858,0.998678433,0.99866055,0.990959189,,0.902250676,0.93986476,,,,,,,,0.911116375,,,,,,,,,,,,0.985632164,0.989018416,0.985466897,0.726527084,,0.991605437,0.985499435,,0.965914849,,0.966795655,,,,0.999108485,,,0.994822241,,0.809075841,,,,,0.95280561,,,0.989756148,,,,,,,,,,,,0.990371835,0.99737005,0.982483186,,0.996612554,0.984650588,0.994949247,,0.666602883,,,0.976639364,,,,,,,0.980189025,0.969274934,0.999667063,,0.999831901,,,0.818789032,0.729337028,0.845797016,,0.611026036,0.940620145,0.640099364,0.933209775,0.984683608,,0.930149908,0.791642054,0.619870453,0.986448136,0.8621699,0.999906754,0.980731296,,0.984186737,,0.832385663,0.9967236,,0.970839472,0.90521224,0.592591021,0.989971476,0.978886296,0.64527035,0.416338773,,0.776837289,,0.973650889,0.832137838,,0.547823026,0.593263953,0.724824662,0.937992213,0.956859284,,,,,,0.901068566,,,,0.999639871,0.934267543,0.998879038,0.999424979,0.983912147,,,,,,,,,,,,,,,
ACH-000048,TOV112D,,0.951000178,0.491063238,0.919287777,0.79910291,0.759035044,0.915214388,0.95202846,0.873428465,0.850743152,0.636695454,0.962351659,0.977326251,0.856049807,0.669986511,0.911425183,0.94239642,0.872717751,,0.939458174,0.723417285,0.981027426,,,0.714899051,0.96107322,,0.944203524,0.526591605,0.847815202,0.964191626,0.984102209,0.833457752,0.898775497,0.972387215,,,0.967509572,,0.910807369,0.898748392,0.884292188,0.830131587,0.958161001,0.972512463,0.781043224,0.738212793,0.852077342,0.719748454,,0.896787082,0.934689048,0.917198397,0.850089545,0.925301373,,0.983892415,0.866789789,,,,0.973254155,0.917776987,0.87854382,0.741449294,,0.544825405,0.905102155,0.755783881,0.888521027,0.417694051,0.952152584,0.959755101,,0.836397655,0.812310376,0.861629149,0.954346933,0.911412918,0.864903998,0.933451121,0.95912489,,,0.627692351,0.89837708,0.495826132,0.750373811,,,,,0.555467189,,,0.322147564,0.355844457,0.11544379,0.184318306,,0.710785612,0.840603795,0.88435995,0.712731539,0.541355319,0.40200633,0.933002281,0.55859752,0.969114594,0.834315026,0.977728361,0.914248827,0.887006575,0.625854352,0.825458827,0.736241901,,0.777403654,0.909558052,,0.896045733,0.844512978,0.547394265,0.908548335,0.618572301,0.630919901,0.798095426,0.348972628,0.968623104,0.574947323,,0.235939527,0.91432169,0.70725987,0.559519998,0.96357594,0.853924247,0.579128861,0.754294936,0.849179727,0.145334288,0.147737642,0.637128821,0.953769837,0.985086914,0.215787853,,0.982256181,0.488582544,0.729325706,0.994791977,0.843517959,0.407867654,0.382183094,0.921004634,0.733037085,0.446221777,0.997334394,0.975432204,0.813257009,0.381973482,0.982823293,0.435521742,0.811588921,0.654700074,0.519855704,0.798085017,0.422617434,,0.778746006,0.800089393,0.828707759,0.950320445,0.517930888,0.945505603,,0.80581506,0.976162608,0.709142078,0.960394998,0.940647906,0.919729671,,0.826590509,0.99069247,0.926099565,0.883064165,0.861825152,0.931780102,0.640091885,0.992825541,0.965610764,0.068580693,0.97307109,0.981092119,0.604321656,0.570934258,0.419504827,0.798282756,0.53787917,0.987441671,0.983111771,0.934910686,0.804989279,0.65166578,0.84154679,0.836910249,0.969912178,0.881178222,0.892443554,,,0.972332333,0.933532736,0.968132061,0.755767332,0.909635173,0.958696634,0.966230942,0.364459258,,,0.743387692,0.713009017,0.461903422,0.78089743,0.761560783,0.752735385,0.854158107,0.653877148,0.933227852,0.901767259,0.970874844,0.412486822,,,0.603753978,0.966920529,0.902594301,,0.997311291,0.988631601,,0.973818236,0.81328634,0.431212585,0.952629835,0.226320162,,0.908259026,0.602545203,0.763377857,0.705099923,,0.304336835,0.862453049,0.450561178,0.760200969,0.867837807,,0.725952343,0.598773252,0.460578401,0.977181205,0.74551642,0.996094165,0.996643381,,0.846526706,,0.779423082,0.991440569,,0.94247082,0.58959993,0.418649175,0.958436396,0.997070258,0.614039018,0.61149019,,0.431903179,0.759464964,0.947070524,0.588061676,,0.434517631,0.200978838,0.738748837,0.907889009,0.634857206,,,,,,0.743152116,,0.939718486,,0.974985792,0.928102834,0.932632316,0.915039439,0.984470574,,,,,,,,,,,,,,,
ACH-000091,OV56,,0.96806146,0.766526938,0.70788924,0.648007605,0.888996585,0.936557502,,0.962213516,0.948677254,0.771972296,,0.778521031,0.828222424,0.658034792,0.962636444,0.99420348,0.995216853,,0.95999451,0.760580684,0.959089667,0.788902791,0.991262799,0.67823264,0.98983893,0.883210196,0.957974303,0.62134869,,0.976152409,0.921891296,0.904208548,0.925312217,0.99903243,,,0.814908702,,0.966226257,0.986291568,0.965854856,0.966605341,0.968391687,0.931705763,0.745788775,0.673667095,0.894225425,0.918960773,,0.796419597,0.980018176,0.850240323,0.907673256,,0.933401492,,0.985323101,,,,0.913080244,0.973810903,0.902224949,0.912204759,0.975397305,0.568841435,0.990625286,0.947135691,0.970085979,0.637801058,0.949508956,0.951666737,,0.989017141,,0.985317864,0.9923859,,0.967436476,,0.973895544,0.830047386,0.92211159,0.736946882,0.857600705,0.734588127,0.87680521,0.980388622,0.994681221,,0.962963423,0.852171822,,,,,,,,0.699657472,0.869649056,,0.966513203,0.579085379,,,0.607296756,0.980841197,0.840030126,,0.961607411,,0.888514862,0.815606724,0.894660622,,,0.983360514,,,,,,,,,,,,,,,,,,,,,0.79609234,,,,,,,,0.990579143,,,,,,,,0.936552534,,0.985335991,,,0.949606616,0.985278754,0.80174239,0.984491756,0.966188701,0.833913779,,0.786435057,0.989217626,0.932057272,0.866779463,0.984322761,,0.686688629,,0.985654306,0.944015995,0.932758213,0.976149066,,,,0.905571959,0.997453364,,0.992145003,,0.997420914,,0.915074499,0.995538656,,0.096718024,0.968698726,0.998913445,0.695209428,0.794050791,0.513201889,0.880509155,0.677295474,,0.991593706,0.976613742,0.992951214,0.862095308,,,,0.969292517,0.994833103,,,0.929022711,0.949082469,0.948929809,,0.943470079,0.996214647,0.980674185,0.747822932,,,0.814055591,0.973875098,0.683642533,0.934792858,0.994425637,0.963450629,0.988130237,0.878253216,0.98738388,0.957601718,,0.895083473,,0.967553498,0.813717853,0.984718337,0.990452397,0.889451994,0.998531146,0.994351763,,,0.897915967,0.767057229,0.977059249,0.586831878,,0.979452789,,0.95621129,0.988028181,,0.773711411,0.907803708,0.763288724,0.954730452,0.946601276,,0.966203688,0.854048121,0.817899431,0.987380144,0.939800824,,,,0.99017692,,0.957287056,,,0.999344245,,0.88285211,,0.989789487,0.995260074,0.935774341,,0.705798914,0.978250653,0.95991381,0.902567144,,0.909367532,,,0.980479017,0.815379395,,,,,,0.953555303,,,,0.997461499,0.983788689,0.988849177,0.989980647,0.997183074,,,,,,,,,,,,,,,
ACH-000116,OAW28,,,0.767083986,0.874505394,0.872723658,0.890316442,,0.865285955,0.97529333,0.773907268,0.773535432,,0.945052822,0.948286758,0.887301897,0.937483019,0.829933108,,,,0.801398163,,0.873347201,,0.998692777,,0.866689039,0.979568588,0.760918135,0.967595633,,0.991879881,0.913096286,0.999866803,0.950004268,,0.937211961,0.942879825,0.852575393,,0.722526286,,0.779537752,0.933407452,,0.901411863,0.875225385,0.893470438,0.838061057,,,0.937248144,0.733354624,0.831902734,0.979484306,0.943775344,0.930611213,0.932213311,,,,0.943712568,0.940787041,0.9321084,,,0.625905916,,,,,0.969056378,0.937432529,,,,,,0.982561318,0.886605795,,0.988126954,0.806835207,0.976004665,0.844012545,0.933087824,0.795799192,0.794175037,,,,,0.74380304,0.930306012,,0.747612945,0.700389696,0.596369856,0.51989109,0.960670407,0.853108631,,0.982040502,0.847346457,0.779274587,0.760495048,,0.639333069,0.876252732,0.888401304,,,0.949994595,0.925563895,0.982147838,0.7262276,0.998124267,0.858237496,0.939151082,0.887548731,0.972753369,0.796795942,0.712642365,0.97326191,0.883962527,0.862477993,0.656767555,0.816506647,,0.942131458,,0.611277664,0.990335277,0.845093973,0.809858451,,,0.878086237,0.936224769,0.952402807,0.672253778,0.350873002,0.867143991,,0.924408672,0.709476506,0.93420192,,0.87616369,0.724096222,0.906291867,0.8909572,0.595672837,0.761940125,0.959785986,0.966070043,0.876165476,0.956681001,,0.9152551,0.812823217,,0.903062681,0.914808183,0.843124338,0.779585681,0.828281859,0.8083296,0.828905693,0.937725275,0.719481597,,0.994232379,0.984656708,0.96813601,0.880903285,0.836111888,0.898132987,0.854859583,,,0.981619569,0.830384157,0.826650016,0.971535019,0.924819331,0.892289524,0.828579234,0.915263814,0.7504976,0.968178161,0.979634831,0.22726112,,,0.51585151,0.432711651,0.340651556,0.923861971,0.464091123,,0.917166715,0.960322896,0.856243718,0.71271963,0.918213707,,0.983732585,0.945348537,0.963103443,0.951372018,,0.95455717,0.795163436,0.966867813,0.964755636,0.950595757,0.889917685,,0.756885503,,,0.990355833,0.992663578,0.633449365,0.811407979,0.915316423,0.782151646,0.897887041,0.621757716,,0.886579268,0.980736694,0.645934816,,0.982093279,,,0.940664464,0.891764492,,0.998173235,,,0.855501269,0.678671196,,0.609269985,,,0.775303262,0.702143327,0.81693721,,0.515563005,0.939742248,0.633367693,0.956342681,0.955257893,,0.798769162,0.692948909,0.621089602,,0.929067745,0.992203733,0.998312035,,0.939404517,,0.854964799,0.964602995,,0.974929731,0.900105824,0.874249155,0.988381242,0.945151114,0.936009557,0.807670433,,0.586322053,0.929838629,0.996982418,0.896682459,,0.648374342,,0.939216256,,0.740658406,,,,,,0.866580788,,0.993509942,,0.933540741,0.983237363,,0.970327447,0.984062289,,,,,,,,,,,,,,,
ACH-000132,JHOS2,,0.938924406,0.762516779,0.925505394,0.729409139,0.776879774,,0.960995557,0.911990617,0.893550764,0.866855534,,0.660767701,0.771632124,0.772815944,0.972793591,0.983166609,0.88902476,0.988153746,0.947933708,0.779637224,0.961104341,,0.983843233,0.919091079,0.970046494,0.90972813,0.912138743,0.410542901,0.741260226,,0.907010641,0.852256423,0.921200319,,,,,,0.919936148,0.965253313,0.963312825,0.918329604,0.947960834,0.765087767,0.806130355,0.741016724,0.645644488,0.815156385,,0.643246367,0.970453777,0.961373263,0.856868862,0.98553062,0.989277166,0.987631774,0.955304608,,,,,0.981510031,0.955643789,0.836292382,0.915813479,0.586913945,0.966147332,0.75781917,0.908427366,0.475125431,0.995186528,0.96585902,,0.986953054,,,,0.947091163,0.86655959,0.96414888,0.985103222,,0.91853958,0.625987741,0.87959654,0.577050304,0.709411297,0.937752601,0.976476925,0.9662438,,0.736804901,0.813501973,,,,,,0.94685325,0.466439778,0.830105635,0.953821607,0.706091874,0.541985894,,,0.603305898,0.926002379,0.700711228,,,,0.825659666,0.734301236,0.647877105,,,,,,,,,,,,,,,,,,,,,,,,0.929336521,,,,,,,,,,0.993554324,,,,,,0.984791412,,0.979105763,0.956717115,,0.975933134,0.981432678,0.96504359,0.949123716,0.953617849,0.857805928,0.958009149,0.966296555,,0.941029768,0.739413733,0.994053363,,0.808192399,0.954521611,0.985936784,0.953032331,0.949196523,,,,0.997148767,0.961005488,0.879805038,,0.845299268,0.89874465,0.926476193,0.91252496,0.847844759,0.981279404,,0.024605173,0.45858657,,0.739383713,0.613368756,0.590092227,0.965183845,0.683826282,,0.903310499,0.940168025,0.88378793,0.945245677,0.889054629,0.959884984,0.989724528,0.816938098,0.852954417,0.948298948,,0.979411975,0.72776671,0.939938472,0.940335045,0.966410701,0.946122045,0.992415242,0.757049454,,,0.932062405,0.960721021,0.793720432,0.80626321,0.813090428,0.724870178,0.947577401,0.733624316,0.993836312,0.95212083,0.992028549,0.716437973,,0.946421704,0.722423079,0.962676446,0.953668129,0.881495026,0.966361468,0.956748907,,,0.82947064,0.965123972,0.988668861,0.546686429,,0.991024696,0.807334645,0.783695435,0.765827537,,0.53412078,0.917045791,0.59208238,0.967277357,0.971646606,,0.935193506,0.694965769,0.641064159,0.994890873,0.841367926,0.987756054,0.991338027,,0.944895611,,0.944665583,0.999713117,,0.992769291,0.83625494,0.613336654,0.98303239,0.998046033,0.851467191,0.722451441,0.878109138,0.615585786,0.902363503,0.992339303,0.870807788,,0.505538444,0.466138401,0.800606764,0.908683614,0.797146302,,,,,,0.819507318,,0.979964751,,0.96293421,0.964984616,0.936224709,0.92700657,0.990863507,,,,,,,,,,,,,,,
ACH-000291,OV90,,0.973956243,0.741799498,0.949823977,0.862760984,0.840296505,,0.925683554,0.991061595,0.818000472,0.677143578,0.894699385,0.468920892,0.543434484,0.624464301,0.978373747,0.978899066,0.972750475,0.977710289,0.956217536,0.732546476,,0.803344212,,0.513568273,0.96305467,,0.995619921,0.546647071,0.991675483,0.99479261,0.98066965,0.889348909,0.962087948,,,0.906267229,0.986088134,,0.960575052,0.969682877,,0.921071616,,0.75564173,0.912373824,0.564415455,0.832693426,0.792500139,,0.479693258,0.798551801,0.939160566,0.912442722,,0.939058677,0.998162714,0.820667401,,,,,0.958714945,0.956248454,0.805035404,0.867519982,0.571629641,0.963961819,0.896496682,0.931813456,0.490361251,0.998056102,,,0.87984212,0.953076609,0.991367208,0.977766963,0.995434651,0.898850033,,0.965940696,,,0.965406511,0.958734317,0.68081844,0.879676871,,,,0.968381586,0.939365355,0.902078838,,0.728500358,0.629642076,0.58036634,0.419528633,0.919474565,0.240173297,,0.966196856,0.898203972,0.923856894,0.814551001,0.893615067,0.763647296,0.993936668,0.577518151,,0.956799906,0.946038081,0.855900227,0.548955527,0.812519905,,0.892904465,0.963211215,,0.952692442,,0.756186612,0.971710145,0.851679585,0.846465527,0.814792085,0.731585953,,0.765682886,,0.534519445,0.945556812,0.651501651,,,,0.921422471,0.926723461,0.842372445,0.2244627,0.431210349,,0.864895972,0.96527509,0.599206192,,0.97886615,0.904336637,0.705972895,0.917200374,0.88896455,0.532625593,0.816016112,0.97813782,0.931460463,0.864357688,0.982241033,,,0.863131833,0.894144871,0.682416453,0.95137439,0.842896241,,0.661475125,0.879096834,0.889343623,0.761460035,0.816126209,0.985347763,,0.895877267,0.945474169,0.976769517,0.935127739,0.98198409,0.863212951,0.962113532,0.963128343,0.930905584,0.803764663,0.891527969,0.98936826,0.977333654,0.977198514,0.889109504,0.983870492,0.734684942,0.986842944,0.980277927,0.209508059,0.996748399,0.986463929,0.668790816,0.708422137,0.681624774,0.923474078,0.727024072,0.976491257,0.945981442,,0.902532521,0.793533817,0.887365,,0.987400705,0.883908174,0.987221513,,,0.947277966,0.94168738,0.898959537,0.885107764,0.939110791,0.891084251,0.958373826,0.687168561,,,0.897964201,0.810780074,0.9669515,0.861716383,0.941498663,0.883125516,,0.821678181,0.966443266,0.942161106,0.975613098,0.54753548,,0.938709015,0.638398337,0.975214331,0.947947357,,0.98541745,0.982411301,,0.972796149,0.816539737,0.675876011,0.949322965,0.686979648,,0.919675953,0.970985131,0.92878054,0.873534244,,0.443884442,0.914131961,0.575885252,0.952331372,0.953067632,,0.874917504,0.898036162,0.639070263,0.945646155,0.960960304,,,,0.930860456,,0.813522585,0.991820021,,,,0.73681573,,0.960305897,0.728555588,0.580903422,,0.664827857,0.911304111,,0.662482142,,0.603056749,0.84542642,0.812464599,0.89511029,0.828597127,,,,,,0.772272039,,,,0.94389913,0.938920194,0.951008608,0.923330882,0.99026518,,,,,,,,,,,,,,,
ACH-000430,TYKNU,,0.972517208,0.652340501,0.903971205,0.813253683,0.778639439,0.910396172,0.99330816,0.946341589,0.922826154,0.722823856,0.967496965,0.658130296,0.627378005,0.469431209,0.947399414,0.992838073,0.924743948,0.995477444,0.997476187,0.71312369,0.984738345,0.64903681,0.980768213,0.585011235,0.977837962,0.970568772,0.922732399,0.593034093,,0.989104388,0.871444662,0.886799771,0.932745848,,,0.981310525,0.953190812,,0.9679167,0.92304136,0.955400773,0.894481338,0.979592933,0.843432543,0.694822996,0.573008039,0.793790715,0.731796417,,0.616374789,0.838389773,0.952543978,0.918260235,,0.959420763,0.992850414,0.996227629,,,,0.962325639,0.898296794,0.842836289,0.827398777,0.982753745,0.623870759,0.933636534,0.80911174,0.975078406,0.398466576,0.961056179,0.976121135,,0.897162107,0.949878964,0.955468384,,0.989258282,0.88351992,0.939362294,0.926760992,,0.912953061,0.550153962,0.800321547,0.550503191,0.582888721,0.935703838,,,,0.708514251,0.963298548,,0.871424802,0.747016973,0.613844581,0.386155143,0.937590361,0.486267808,0.763029023,0.968876525,,0.519156233,0.893209583,,0.538454432,0.935426648,0.760647888,,,0.917961296,0.931089171,0.774063477,0.911898959,,,0.998703182,0.777019269,,,0.729253526,,0.939122431,0.797593432,0.856751273,0.913620025,,0.793476858,,0.617214103,0.875321692,0.875316851,0.559427599,,,,0.928410552,0.942861868,0.317157527,0.325195833,,0.969924069,0.880787254,0.578489323,,0.995697547,0.866258108,0.874004245,0.997844373,0.981279709,0.677447115,0.862071393,0.893246447,0.985443708,0.924820662,,,0.70627132,0.973707988,,0.914139451,,,0.975705024,0.934716815,0.954435356,0.986857798,0.90875986,0.73610544,0.993372827,0.989215644,0.856072943,,0.994639354,0.877414814,0.976031969,0.877563024,,0.941258257,0.966903317,0.972701768,0.963197297,0.949436708,0.970852438,,0.919689589,,0.799159408,0.956650902,,0.075352097,0.978658604,0.997965266,0.644632373,0.611912725,0.505786149,0.884064122,0.628389057,0.990808332,0.988410497,,,0.993487824,0.877765218,0.897229459,0.997014081,0.911942259,0.99387915,,,,0.928143289,0.961066247,0.940122052,0.945281941,0.990583947,,0.923349865,,,0.959829376,0.989948964,0.955852858,0.909444741,0.964851639,0.942284785,0.992882691,0.873672143,0.993788416,0.925489714,0.977548555,0.502972974,,0.991715472,0.947143919,0.978156743,0.993554994,0.969571931,,,,0.967766688,0.673794161,0.841705402,0.966968617,0.664247906,,0.927032732,0.877457627,0.85098092,0.930333731,,0.414028256,0.892664243,0.574048179,0.929449123,0.890283668,,0.852240927,0.772624251,0.572802318,0.871211857,0.824590205,,,,0.964258783,,0.89235307,0.998064488,,,,0.723748794,,0.973891015,0.809325522,0.650401674,,0.509282033,0.918521376,0.960185897,0.617459756,,0.863689267,0.890036505,0.989342495,0.966317181,0.773412413,,,,,,0.919711736,,,,0.996352514,0.960046979,0.92776815,0.928679343,0.992904152,,,,,,,,,,,,,,,
ACH-000443,OVKATE,,0.926544627,0.958700771,0.958495486,0.801549692,0.986411879,,,0.983865473,0.957353712,0.979869167,,0.913647764,0.94804888,0.885394239,,,0.963250791,,,0.795003787,0.822747833,0.951221281,,0.884730805,,0.915574092,0.997519136,0.780581687,0.964031869,,,,0.986230342,,,,0.948665477,,,,,,0.943204912,0.872232224,0.901343976,0.934646841,0.902799425,0.94325437,,0.802330177,,,0.994617608,0.998643165,0.997651634,0.979869548,0.982696048,,,,,,0.987138916,0.986263849,0.966013089,0.807457122,0.992520612,0.940869539,0.877175806,0.711601647,0.97441493,,,,,,,,0.886786873,0.762231894,0.941160086,,0.839638152,0.962880965,0.966065183,0.932597734,0.890517483,,,,0.990611572,0.950266849,,,0.898332931,,0.970432841,0.761650194,,0.831192519,0.976445251,,0.997294082,,0.963304987,0.98747405,0.973109026,,0.802528458,0.98979351,,,0.894838552,,,,0.94989612,,,0.997562138,0.870406894,0.870187422,,0.978149097,0.974282964,0.993245196,0.739999845,,0.929250537,,,0.972570886,0.85976095,0.925707372,,,,0.992984773,,0.773651949,0.884975646,,,,,,,,0.905906183,,0.914464755,0.795713988,0.99888124,0.999257693,0.975804849,0.964769925,0.970114578,,0.944126671,,0.915968167,0.827153919,0.988563971,0.964058316,0.844165646,0.916207542,0.91251434,0.912026624,0.88329228,0.746024834,,0.975305632,0.942459466,,0.917612381,0.80639707,0.863736911,0.895524436,0.982922949,0.961714346,0.993315785,0.908744269,0.893242377,0.942158851,0.708748003,0.798312537,0.837182386,0.908915055,0.91897728,0.964611216,0.893780726,0.245599575,0.914437947,,0.718949268,0.585539196,0.5358527,0.870871398,0.687065399,0.995607036,0.852902668,0.963887996,0.951532844,0.837589693,0.95519866,,0.959097706,0.871587246,0.959092833,,,0.856478875,0.9333939,0.981118011,0.9954538,0.921588803,0.826809254,,0.844844379,,,0.953171747,0.924507183,0.809294086,0.779116754,0.89385999,0.707636266,0.932548518,0.766617134,0.990810304,0.793051798,0.996402504,,,0.975007843,0.943423893,0.998768554,0.99856573,0.906735431,,,,0.99530373,,0.814444154,0.942608992,0.726596179,,,0.948858765,0.948733779,,,0.983850559,0.984405879,0.909387575,,,,,0.913441005,0.956419781,0.999526431,0.995269844,0.997483287,0.999818302,,0.985374591,,0.869047181,0.995831963,0.999589641,,0.972225581,0.71988874,,0.9639448,0.856445406,0.693510926,,0.780758038,0.912461212,,0.866756071,,0.749386674,0.871404488,0.936665921,0.920435989,0.815911796,,,,,,0.820044797,,0.959768674,,,0.943197941,0.95406713,0.943591667,0.962827227,,,,,,,,,,,,,,,
ACH-000524,KURAMOCHI,0.936063084,0.932751645,0.828366484,0.880908211,0.859875605,0.87535949,0.960353884,,0.951175145,0.968127302,0.886252168,,0.907489582,0.935615585,0.871519292,,0.971131818,0.995009732,,0.980379044,0.808985977,0.931937086,0.83853156,,0.923510751,0.973054659,0.966149508,0.978127968,0.799970981,0.938947714,,0.986404855,0.960772958,0.96657257,0.988885183,0.58969639,0.949791656,0.969713215,0.987644763,,0.926454856,,0.994927573,0.966882269,0.842767717,,0.836871077,0.825271526,0.907949645,0.920402241,0.906577596,,0.976463503,0.912939609,,,,0.946761212,0.644229183,0.921417267,0.971842904,0.903496434,0.997562499,0.932362644,0.916785696,0.979174182,0.772381878,0.97574621,0.816520372,0.906725409,0.429926579,0.8828184,0.948708126,0.973870867,0.99749572,0.993447829,0.998977037,,,0.851689102,0.830765498,0.968263431,,0.873122636,0.843451544,0.936324751,0.711760172,0.831687471,0.984942488,0.95975188,0.999067336,0.99858882,0.837747474,0.964369779,0.927984173,0.64437667,0.551244667,0.94334575,0.486153811,,0.83404027,,,0.938286543,0.781777151,0.561903913,0.971174953,0.930508692,0.97374565,0.823769683,,,0.828456999,0.879348458,0.90900797,0.783847468,,0.911927508,0.994544119,0.948901048,0.859579695,0.546564827,0.658525174,0.89424669,0.714339956,0.73027707,0.88823935,0.805173237,0.963398575,0.641329971,,0.710553968,0.796073108,0.744602542,0.546019207,0.940457827,0.978578415,0.871578623,0.902824351,0.898080254,0.273679357,0.266349015,0.950854984,0.995177176,0.951020014,0.561819257,0.992466652,0.997749069,0.706316676,0.967978285,0.995698495,0.950882393,0.517852559,0.746431736,0.989978149,0.893218718,0.766847155,0.967593702,,0.857942273,0.956152042,0.9866758,0.747236342,,0.979081335,0.815113453,0.718635729,0.894412633,0.925990633,0.837144305,0.721161308,,0.987123627,0.86460394,,0.917602909,0.936596566,0.986992795,0.809105721,0.97747513,,,0.886683615,0.922884976,0.981667443,0.892446989,0.977993155,0.913045594,0.947785603,0.775564275,0.936988911,,0.046196955,,,0.677745992,0.721167064,0.556597209,0.872919094,0.731046613,0.961263464,0.952095853,0.989852302,0.918031105,0.67852512,0.870737218,,,0.878487671,0.984591082,0.910913093,0.874462827,0.99129123,0.970567875,0.968884803,0.996026301,0.963625247,0.925766682,,0.741545591,0.721866167,0.984444082,0.979637468,0.911781283,0.861926532,0.787589651,0.992785536,0.949995992,0.888320058,0.775136399,0.98056058,0.897872751,,0.625895948,0.782161159,0.946921238,0.813224352,,0.997417781,0.890832298,,0.998402318,,,0.892386256,0.927397868,,0.706538881,0.847659478,0.936054238,0.811339638,0.751336805,0.779608948,0.977954186,0.553187347,0.907651603,0.63102295,0.938084452,0.945624502,0.922922292,0.814850283,0.640947249,0.597557943,0.987422979,0.902711875,,0.990237587,0.902631162,0.933313804,,0.898424034,0.951693071,,0.971976967,0.940887935,0.653205461,0.966316266,0.869989874,0.73413749,0.479040615,0.917884481,0.655953061,0.736890867,0.968035154,0.831392371,0.845573097,0.605422054,0.852473958,0.888867237,0.885483076,0.725817881,0.937221619,0.527849604,0.981081502,0.713651184,0.893427616,0.792370571,0.707535494,,0.760481425,,0.920201789,0.948843897,0.936212601,0.930263259,0.937695028,,0.662383405,0.888693888,0.919667431,0.968216535,0.901661415,0.499892004,0.697431072,0.638505505,0.752587917,0.975571848,0.879839238,0.977948589,0.780906245
ACH-000527,OVISE,,0.875570069,0.675335835,0.910145703,0.939699642,0.805655939,0.872805035,,0.819046627,0.326253123,0.592514794,0.927998499,0.828609831,0.786272909,0.773206805,0.922720144,0.938619726,0.864504529,0.931102707,0.992751952,0.656273171,0.982298337,0.732003755,0.961877199,,0.86908754,0.924575363,0.863246524,0.528613825,0.794323597,0.955788962,0.807978709,0.90252021,0.887278858,,,,,,0.801789978,0.976947609,0.884235049,0.835705222,0.925997526,0.714115741,0.937507613,0.729520361,0.602432391,0.72983352,,0.862621541,0.866363749,0.868896751,0.927162224,0.974297256,0.973917541,0.930178169,0.952793732,,,,0.991486482,0.943594558,0.930239268,0.881270679,0.966704008,0.587635168,0.892349866,0.888752098,0.962271496,0.647285265,0.987902224,0.937619561,,0.950899218,,,,,0.897284469,,0.953033843,0.904909961,0.923837993,0.705148888,0.861472333,0.710417282,0.89295838,0.988656618,0.996544326,,,0.803123562,0.895666264,,0.714293891,0.849651509,0.685470887,0.766554653,,0.69627292,0.924466078,,0.748086882,0.762401284,0.808317734,0.934981003,0.82924766,0.945167463,0.812081782,,0.981860399,0.975966682,0.881861677,0.89179059,0.80680854,0.952731241,,,0.943260819,0.974537405,0.910600314,0.758598393,0.897660915,0.891433406,0.759517037,0.870623229,0.77879561,0.929763747,,,0.600418614,0.879899041,0.942827712,0.746346768,0.952971662,0.977215445,0.975584648,0.883329509,0.828139924,0.687541345,0.389762837,0.894759959,0.94595918,,0.724283119,0.913830058,,0.761800383,0.85487083,,,0.606942663,0.852079061,0.975224621,0.952478749,0.812344616,0.948320832,0.944888838,0.954783585,0.871337717,0.977604767,0.692318872,0.914395828,0.945252748,0.736667969,0.782032653,0.913277592,0.868120039,0.851764094,0.956135256,0.988825169,0.971862148,0.764352604,0.97630536,0.940664322,0.687848142,0.993648013,0.802087269,,,0.945841292,0.720628951,0.955014097,0.906650554,0.933077621,0.933601147,0.936394688,0.961301517,0.864746922,0.770876648,0.980961084,0.059451981,0.925988984,,0.72870561,0.587280557,0.56398117,0.912896936,0.665868764,0.977823473,0.934045861,0.947884058,0.686443942,0.579201938,0.928471915,,0.961194415,0.865009718,0.866716815,,,0.988546971,0.959322039,0.893104978,0.952627556,0.98334889,0.909090699,0.998316534,0.585778515,,,0.857870984,0.718539036,0.47671085,0.757802729,0.951061092,0.862560751,0.882416136,0.764011316,0.974337998,0.912846845,,0.67831058,,0.665133903,0.853856947,0.912832021,0.912535199,0.743645208,,,,,0.866005684,0.840956833,0.988765187,0.497649143,,0.990699231,0.758975312,0.814986983,0.739410861,,0.535729676,0.92144989,0.628363916,0.967026745,0.990199628,,0.917521812,0.789406108,0.650627315,,0.948525359,,,,0.917069237,,0.943306364,0.995124174,,,0.832882466,0.790802495,0.917685885,0.958032496,0.740953201,0.56387475,,0.501021572,0.91375295,0.994158989,0.874163659,,,0.854598643,0.751785687,0.907114877,0.796563469,,,,,,0.891093027,,,,0.989696568,0.942995403,0.97865932,0.977931631,0.955612928,,,,,,,,,,,,,,,
ACH-000574,FUOV1,,0.964717349,0.884791446,0.938141426,0.89648092,0.914546766,0.972740456,,0.947543907,0.985429957,0.885642109,,0.890752087,0.832779031,0.887850665,0.988324748,,0.943468649,0.981507087,,0.877049786,0.976767468,0.945901392,0.935449198,0.958656759,,,0.967478556,0.701479925,0.89734106,0.959135482,,0.965745166,0.974585333,0.947791548,,,0.981826685,,0.965766852,0.870824973,0.962562506,0.969502832,0.963460002,0.93784514,0.991052694,0.897440364,0.857801297,0.957228123,,0.882808683,,0.852622972,0.893867441,0.8773109,,0.933101904,0.850282697,,,,0.739592505,0.959591182,0.859826712,,,0.747589685,,,,,0.975220343,0.994868233,,0.95577212,0.930612342,0.970884182,,0.796431924,0.831210804,0.954788806,,0.898771735,0.95577385,0.743053876,0.886740584,0.880604609,0.939307,0.929411669,0.985549497,,,0.905587754,0.951660626,,0.896554823,0.858586635,0.977603357,0.929136007,0.945993826,0.767262442,0.98969604,0.983579676,0.927191408,0.846211016,0.865012211,,0.87777795,0.972767568,0.847829437,,0.993836505,,0.869997453,0.856190653,0.853688652,,,,,0.9307149,0.728611289,0.734303382,0.91996691,0.712314107,0.584608388,,0.929417514,0.934308537,0.836365182,,0.492368466,0.910218798,0.847575717,0.768859019,0.95508646,0.98087304,0.940141286,0.771835694,0.999735649,0.667749748,0.537943341,0.780144277,0.659995165,0.936406676,0.8010719,0.906501337,,0.824635041,0.904386038,,0.996778725,0.478028508,0.962188686,0.953412165,0.96773997,0.81393609,0.983085215,,0.90654634,0.915896699,0.993684742,0.793794251,0.88604424,0.918333248,0.618495377,0.772162796,0.838430091,0.904840658,0.902910843,0.927852392,,,0.921776015,,0.856294337,0.957658911,0.909872245,0.948347361,0.976120645,,0.978397068,0.843201088,0.884399818,0.989569645,0.960508629,0.935448709,0.903687605,0.936442324,0.67112106,0.993317973,,,0.976513686,0.998570652,0.920321092,0.827358694,0.827762598,0.848527451,0.580312733,,0.969579868,0.950406419,0.841872704,0.555263183,0.927773279,0.961506316,0.981169288,0.950761384,0.944839456,,,0.980812596,0.902618681,0.920039505,0.955985748,0.913912115,0.879735734,0.995864455,0.759793266,,,,0.878730246,0.654944388,0.857461151,0.95692757,0.876272072,0.722861006,0.704178571,0.99025295,0.90525489,0.970680344,0.760526438,,,0.9006364,,0.986800343,0.752176608,0.994834997,0.991711429,,,0.853442784,0.843790821,0.998252101,0.547202014,,0.989461346,0.845326785,0.714564768,0.727093916,,0.59974928,0.947794609,0.603170404,0.97556973,0.95051863,,0.689831477,0.716997404,0.643112151,0.986872401,0.8520241,0.996953572,0.994227395,,,,0.89303408,0.976274162,,0.978838114,,0.665256779,0.974239103,0.959131853,0.640598969,0.501098488,,0.600697247,0.918519928,0.987706334,0.814542367,,,0.780792602,0.851923223,0.890705777,0.677318351,,,,,,0.821638206,,0.952016368,,0.952424197,0.983843865,0.946303327,0.935425562,0.983886198,,,,,,,,,,,,,,,
ACH-000617,OVCAR4,0.832598189,0.844344818,0.756091163,0.909086663,0.862420852,0.843926919,0.968276551,0.922344345,0.933449432,0.933842175,0.8047144,0.987962474,0.865820439,0.836547181,0.7862131,0.976511527,0.973459067,0.884042251,0.978344694,0.923385525,0.696241283,0.936914164,0.838232832,0.989096004,0.944952629,0.962297882,0.97383016,0.959696363,0.445790071,0.947557565,0.973503445,0.988111177,0.927274766,0.960195943,0.99800669,0.357453097,0.89126695,0.973185694,,0.976386572,0.921907095,0.977007513,0.939772641,0.922999027,0.890980486,0.96602039,0.768753442,0.900775066,0.802865015,0.965223097,0.800411698,0.998544455,0.881188598,0.825390239,0.988864178,0.964627963,0.97682482,0.9650561,0.658996988,0.910985052,0.897787297,0.977315748,0.942139876,0.870315697,0.797796972,0.831078325,0.682836117,0.983848737,0.834995422,0.948896223,0.426450153,0.978988469,0.99774471,0.911313362,0.9545322,0.961210193,0.967163101,,0.924791758,0.868969732,0.967302448,0.866509845,0.798475381,0.983655575,0.746037578,0.874359564,0.653066164,0.822595909,0.980985899,,,,0.765487303,0.855396896,0.924283341,0.69600301,0.772286962,0.709444484,0.551237021,,0.56973545,0.960032816,,0.829041939,0.764511617,0.512303828,,0.840736899,0.975540199,0.741883686,,0.97358004,0.903616797,0.84447455,0.857973766,0.805204812,0.955546529,0.959621186,,,0.847003783,,0.650388079,0.917064338,0.59635378,0.726737514,0.644773942,0.467935541,,0.777593159,0.964999239,0.509620628,0.925416243,0.836968989,0.697275508,0.911444989,0.932957656,0.900427956,0.955689346,0.855484035,0.350342944,0.426838027,0.876922692,0.946795102,0.921017908,0.609604315,,0.994023036,0.646031791,0.740582329,0.941767664,0.835078906,0.523471601,0.585463378,,0.933084749,0.677945725,0.982977021,0.964763551,0.825488756,0.96414824,0.976760884,0.775745277,0.879150765,,0.799424138,0.838182676,0.861537429,0.929920064,0.890032691,0.807398263,0.995252446,0.959559609,0.903215018,0.980028867,0.961628282,0.83388753,0.956049903,0.910580385,,,0.934006669,0.814185102,0.943118864,,0.836079509,0.869670449,0.882058384,0.941800584,0.943817843,0.942313909,,0.029463609,0.974845894,,0.852066242,0.803928954,0.847895297,0.919173082,0.885949889,0.971003288,0.89400965,0.963984574,0.81200096,0.776407552,0.94747223,0.957857981,,0.922578656,0.992013,,0.912507364,0.988534981,0.93572503,0.970395119,0.847561189,0.941713764,0.906079688,0.991718363,0.638777511,0.691346102,0.890288721,0.871018302,0.869841358,0.732786548,0.815493771,0.936822169,0.788006696,0.8739193,0.748556297,0.976132052,0.910843816,0.987372054,0.640201823,0.780332749,0.984798099,0.945835016,0.993014115,0.959194783,0.809169792,0.997024838,0.997056912,,0.995274571,0.860191698,0.942942557,0.969354999,0.66469409,0.731256986,0.990230955,0.790416806,0.767144615,0.887764084,0.924423308,,0.895082146,0.716689958,0.98779221,0.963436079,0.961396474,0.950129445,0.718704421,0.554943185,0.996731458,0.926329714,,0.998445138,0.920672002,0.985814324,,0.943069255,,,0.921795832,0.944803241,0.733052744,,0.954698196,0.904245087,0.740635643,,0.839372262,0.813851129,0.971466926,0.860719033,0.85623555,0.280885727,0.818755854,0.829743282,0.869290472,0.695406946,0.898717802,0.771967767,0.942015723,0.861259628,0.923749208,0.84803169,0.714809155,,0.815577619,0.967250921,0.945271713,0.94598929,0.962019676,0.951892124,0.883309731,,0.737520216,0.83443657,0.873463224,0.881197001,0.762526519,0.460636575,0.767583906,0.710590924,0.655423967,0.848078491,0.699033169,0.872798416,0.992523429
ACH-000657,A2780,,0.929540422,0.535175816,0.84831957,0.683840522,0.847530044,0.761613865,0.848020795,0.94324522,0.931765878,0.777380232,,0.96851655,0.732382232,0.663844782,0.935917369,0.942234333,,0.901307052,0.852967744,0.825742773,,0.603782006,,0.710937564,0.880866741,0.984656045,,0.456957507,0.950024908,,0.953928568,0.937270215,0.986549554,,,,0.974891355,,0.974793038,0.896174925,0.959113806,,0.991344386,0.980751402,0.974563074,0.845007249,0.876950109,0.891151273,,0.96126569,,,0.821028596,0.93845678,0.840872545,0.897392477,0.988212087,,,,,0.872575544,0.915089958,0.807793722,,0.534472369,0.997183259,0.811271024,0.978444345,0.480024061,0.815907533,0.804597329,,0.818114788,0.967964535,0.974079472,0.750620894,,0.88768802,,0.957198885,0.790237289,0.859846393,0.715187718,0.927996854,0.245187011,0.594802651,0.971957261,,,0.996554219,0.583117819,0.986552311,,0.384155334,0.624831931,0.253711187,0.25389651,,0.600826125,0.963803579,0.990173676,0.994956295,0.87364931,0.704793798,0.974514947,0.703344937,0.937029894,,0.959038159,0.981717196,0.832222977,0.777585507,0.940014213,0.830720614,0.865991667,0.878217689,,0.988560709,0.87883669,0.901751428,0.632683531,0.931183064,0.857753377,0.766368259,0.956196816,0.863399337,0.950413532,0.610356287,,0.651721432,0.962247425,0.819277891,0.651133005,0.90352054,0.761575839,0.770002518,0.62941759,0.609165709,0.22260492,0.279896855,0.71193021,0.878420381,0.939933652,0.188323461,0.905721798,0.961825947,0.398086852,0.448098199,0.943770524,0.830046561,0.502642076,0.514044981,0.92214048,0.670667375,0.454442528,0.952597248,0.954724158,,0.676743711,0.975943292,0.479245422,0.900902729,0.578748913,0.636141665,0.604262666,0.689623642,0.578243304,0.811790926,0.766212919,0.63116745,0.9689093,0.480548277,0.943838845,0.885291416,0.748463569,0.864126154,0.598408282,0.828407989,0.948212352,0.914478191,,0.810298057,0.929423793,0.865334414,0.828140733,0.642725474,0.925315677,0.754733029,0.926122977,,0.101782046,0.962210927,0.983116303,0.574618828,0.561322224,0.387011702,0.707009103,0.495974283,0.970367539,0.895402528,0.9148503,0.700848485,0.442965055,0.888427661,0.863103185,,0.838454352,0.910159137,0.963088156,,0.932349036,0.878876711,0.885053976,0.717572591,0.81459931,0.870547442,0.974196516,0.381427591,,,0.645492923,0.466695037,0.371138895,0.718792932,0.792207707,0.636282593,0.649089894,0.434811597,0.609382899,0.876100983,,0.452430807,,,0.308565177,0.944739288,0.883510423,,0.924963905,0.975369543,,0.964841535,0.690565844,0.321072686,0.924050374,0.158113292,,0.657795177,0.815756596,0.758375484,0.789046454,,0.352999649,0.923325322,0.474244194,0.952964893,0.876131852,,0.705363004,0.787632792,0.491396318,,0.697453601,,0.997431405,,0.897652017,,,0.926064833,0.952937946,0.827527573,0.691808831,0.552459898,,0.912411746,0.605726952,0.471696189,,0.477987476,0.935282593,0.977328953,0.719440953,,0.517016395,0.522712485,0.729834632,0.917079779,0.689476518,,,,,,0.89863526,,,,0.954138232,0.999297252,0.966512909,0.967127932,0.907661662,,,,,,,,,,,,,,,
ACH-000663,OVTOKO,,0.884218792,0.617516384,0.815682911,0.748782456,0.943682895,0.885416507,0.947903059,0.846248073,0.820227645,0.70240797,0.941746972,0.847365148,0.842134958,0.693194213,0.955476286,0.976851653,0.766209257,0.98100742,0.927023921,0.590988313,0.943708205,0.648582525,0.994684077,0.723034326,0.960206567,0.913324608,0.897866832,0.403360438,0.789652367,0.987692324,0.892566372,0.825243837,0.9199042,0.953422648,,0.912918023,0.819986391,,0.820541463,0.997235662,0.958284947,0.911348764,0.949232837,0.676749517,0.688101158,0.651255898,0.614159963,0.695079466,,0.847796773,0.949741349,0.862076784,0.756254316,0.95583045,0.905864385,0.951919726,0.912459978,,,,0.717624961,0.941826837,0.841977963,0.786239233,0.867789276,0.597320044,0.905874964,0.858999284,0.898743853,0.683716824,0.936214514,0.966430554,,0.709744467,0.900176635,0.959796597,,,0.73726092,,0.86279945,0.782437838,0.925814103,0.733375124,0.805733339,0.693388589,0.841866472,0.896393598,,,0.981676162,0.762263276,0.961737785,,0.765852649,0.76803344,0.367203446,0.366793473,0.977057849,0.680675454,0.813619066,0.988378404,0.765630795,0.593071074,0.804178681,,0.781580485,0.982728388,0.827503821,,0.962440988,,0.832032935,0.7918461,0.669445595,,0.785311327,0.964080283,0.872541532,0.886803384,0.779086787,0.506707133,0.761086916,0.68964189,0.43419916,0.635034234,0.585632433,0.917079187,0.899796515,,0.556587605,0.928757829,0.893023386,0.750231492,0.826108578,0.918112132,0.924604319,0.708374788,0.907338354,0.547277036,0.370200343,0.843492889,0.89195321,0.883894072,0.424785497,0.860154766,0.981489529,0.593227643,0.895845889,0.955058958,0.931716684,0.54270746,0.689734145,0.994711673,0.906058336,0.685031905,0.98409023,0.972694109,0.707551614,0.908858135,0.979330761,0.886618477,,0.960083109,0.729505059,0.956128527,0.844521426,0.935439305,0.889358426,0.685381273,0.977879546,0.961624184,0.721003429,,0.909966299,0.821127889,0.977463272,0.937850003,0.944491351,,0.942031129,,0.989863267,0.938294296,0.938789572,0.957774226,0.944346531,0.969431824,0.893750737,0.949917709,,0.678196838,0.978548874,0.988782628,0.745208157,0.786968583,0.609362328,0.908003457,0.728715325,0.983633534,0.963070999,0.956107322,0.794529943,0.713833539,0.890457428,0.922567246,0.978302853,0.935701845,0.898965997,0.923465466,,0.949983619,0.956139309,0.954472209,0.921052409,0.971841813,0.979194329,0.971814887,0.608534705,,,0.927453739,0.924084511,0.614363742,0.849437739,0.986784878,0.844307479,0.84242831,0.727806721,0.974156222,0.973208497,0.97672473,0.800953602,,0.968077575,0.858909781,0.979498106,0.982834643,0.842177727,0.990170402,0.99219881,,0.992902359,0.869743288,0.788744955,0.983378129,0.673754831,,,0.926491886,0.932454381,0.901806719,,0.633851869,0.931403306,0.786715285,0.963390197,0.97303649,,0.923283104,0.892126409,0.788181062,0.963429156,0.904532741,,,,0.991170806,0.956404025,,0.995848693,0.993133841,0.982636834,0.963382494,0.73510326,,0.985584844,0.878041172,0.650622858,,0.655844975,0.800745265,0.996102979,0.941287593,,0.810752176,0.692280916,0.979836008,0.943397594,0.813261943,,,,,,0.953590265,,,,,0.997275406,0.945409495,0.931809762,,,,,,,,,,,,,,,,
ACH-000688,OV7,,,0.76685512,0.951057699,0.840950912,0.760826112,0.924116145,,0.828011981,0.786782233,0.805326146,0.891667686,0.877821217,0.776109565,0.776154694,0.912568748,0.89857501,0.998449759,0.945378916,0.97116946,0.806099625,0.995260369,0.91439625,0.954388325,0.731199224,0.863311558,0.971021832,0.863225172,0.782252307,0.973219972,0.928523747,0.86470907,0.791871105,0.892679217,,,,0.928617781,,0.941615146,,0.912073655,0.903117584,0.992234444,0.849925596,0.967131093,0.744255337,0.714525344,0.836551988,,0.800716371,0.860846113,0.932063787,0.773804592,,0.969329861,0.986063884,0.839759535,,,,,0.914720027,0.93656033,0.623229199,,0.724181794,,0.88468252,,0.507169748,0.996617683,0.983470407,,0.594125521,0.945825364,,0.971226202,0.946938245,0.952199546,0.983683668,0.951813512,,0.880277079,0.71723136,0.806832623,0.64953198,0.828397047,,0.903428808,0.995650086,,,,,,,,,0.793776479,0.627330654,0.801126982,,0.852880589,0.63589772,,,0.737056193,0.83462693,0.848495132,,0.958198594,,0.789067089,0.822606841,0.643919687,,,,,,,,,,,,,,,,,,,,,,,,0.917651917,,,,,,,,0.991886673,,0.993418873,,,,,,0.912242851,,0.987920652,,,0.948935988,0.963364508,0.626970843,0.968543472,0.956213541,0.715275055,0.812121063,0.723440811,0.849818884,0.943142251,0.607196995,0.79585572,,0.646952252,0.986049616,0.917514728,0.898886882,0.887619046,0.961934275,0.930624154,0.940617355,0.971958089,0.801520604,0.950381133,0.98968094,0.990497499,0.994154064,0.983957988,0.967037212,0.880956975,0.984248803,0.983157294,0.133797781,0.892100967,,0.653908739,0.769461407,0.502339952,0.955961125,0.640810047,0.989708376,0.892465427,0.957352261,0.984654995,0.725422905,0.939111616,,0.982794796,0.853232184,0.943375457,0.981504568,,0.94578668,0.879263953,0.975886207,0.980456376,0.955412159,0.829220016,,0.651621495,,,0.928250422,0.90707738,0.603444975,0.691928016,0.950742647,0.902299345,0.92414034,0.589890962,0.79960119,0.91524955,,0.74019854,,0.939174063,0.657116141,0.904081856,0.979483294,0.855127198,0.988157929,0.998044656,,,0.910204628,0.944662548,0.923287799,0.839404345,,0.812378255,0.916475203,0.866935442,0.836558909,,0.631627133,0.960502848,0.60576727,0.985063286,0.988810151,,0.86344835,0.779916161,0.66569868,0.992408569,0.87933162,0.991735937,0.974928414,,0.941813078,,0.955313636,0.937397266,,,0.881933144,0.66800801,0.96343633,0.914614499,0.871534589,0.606358108,,0.736714753,0.893340191,0.996708941,0.940382142,,0.848018777,0.781929127,0.999550451,0.912067641,0.694995646,,,,,,0.892785392,,0.936103425,,,0.930976032,0.938095481,0.915246621,0.99610243,,,,,,,,,,,,,,,
ACH-000696,OVCAR8,,0.898885445,0.570469843,0.891178305,0.667865147,0.810112156,0.970153166,0.927029477,0.983644756,0.929527103,0.72585588,,0.85499268,0.879297453,0.700351305,0.949103604,0.952357779,0.942746988,0.961949782,0.996318931,0.753039011,,0.792137637,0.972698478,0.642780432,,,0.951881715,0.380842381,0.94166709,0.966373867,0.914227161,0.883989289,,0.895195468,,0.90005424,,0.849435529,,0.948328319,0.977236393,0.898002057,0.971039462,0.952086466,0.929495498,0.700476602,0.85367807,0.881373888,,0.923746289,,0.918785349,0.936965973,,0.959315881,,0.995840129,,,,,0.968766831,0.813235139,0.826522847,0.932169226,0.616896658,0.97532344,0.793004847,0.890611666,0.521061446,0.882614482,0.88474185,,0.904123289,,0.994050836,0.957010814,0.984037114,0.871189516,0.951928037,0.925411731,0.803559974,,0.732479349,0.819596867,0.331659607,0.595778981,0.981358755,,0.978995959,0.970321276,0.682027338,0.972382285,,0.546698081,0.615690151,0.24621739,0.363954018,,0.736624187,,,0.890377416,0.420405285,0.66068422,0.936898925,0.611187378,0.893122772,0.880541142,,,0.956512866,0.8382413,0.846837791,0.875713118,,0.927187382,,,,,0.567598245,0.932924627,0.674058127,0.741626531,0.688093128,0.685554684,,0.736755668,,0.358919748,,0.787732389,0.69216631,0.828455284,,0.797690962,0.885251938,0.617677897,0.513335301,0.168147053,0.883410924,0.908511997,,0.132680161,,,0.543524003,0.788644359,0.960915367,0.902154628,0.387212746,0.495545681,,0.844537696,0.728899029,,,0.841278723,0.790306038,0.925440657,0.697489086,0.926227651,0.928504892,0.749193633,0.887021033,,0.899871296,,0.800723119,0.951704943,0.990945484,0.624629252,0.955229033,0.893679571,0.705044666,0.954510867,0.89167208,0.990905302,0.967137757,0.96007407,0.820877421,0.762743035,0.971515604,0.862305122,0.905807606,0.849513322,0.951035267,0.794780321,0.861253381,,0.033723219,0.971007318,0.970314703,0.398615817,0.467480705,0.285921514,0.842927704,0.373425764,0.989089803,0.95283052,0.959249101,0.902856313,0.676431534,0.924019136,0.93427768,,0.907657445,0.957427114,0.949441036,,0.914606095,0.922725974,0.955939672,,0.903204223,0.920725875,,,,,0.659288453,0.858276738,0.563078983,0.800973101,0.986203706,0.845112613,0.913463463,0.663636104,0.902872899,0.84506892,0.963699158,0.693773043,,0.959044368,0.305263829,0.942425416,0.961063429,,0.973888812,0.959404085,,,0.879641681,0.455226767,0.970727911,0.314681742,,0.9915608,0.972584915,0.889849529,0.938879895,,0.568918094,0.904049925,0.745730633,0.945671779,0.944816462,,0.862747388,0.77924159,0.69882378,,0.908478142,,,,0.90800038,,0.82058411,0.995530704,,0.775694993,0.866155808,0.606109474,0.973771378,0.981477547,0.671520955,0.454399497,0.896920521,0.727053504,0.870080949,0.972570482,0.750840501,,0.686140102,0.52875022,0.956025659,0.929114568,0.638120454,,,,,,0.756889749,,0.948743124,,0.971266807,0.94203817,0.955324979,0.93208971,0.993769318,,,,,,,,,,,,,,,
ACH-000704,OAW42,,0.991389751,0.961376074,0.901767037,0.872717312,0.897741008,0.974076053,0.991212863,0.869189578,0.853839484,0.799257363,,0.884906212,0.845252591,0.880351743,0.982375349,0.997431647,0.978695469,,0.946521202,0.866592207,0.964058994,0.736734537,,0.899129894,0.999316022,0.980369893,0.976297397,0.823124784,0.945707079,0.999918278,0.971405622,0.924476447,0.948613695,0.989722886,,,0.977521792,,0.988906521,0.872420576,0.95674469,0.973408722,0.963729695,0.728118332,0.990291902,0.799091809,0.748621596,0.782137998,,0.833495181,0.998334967,0.98915111,0.905354801,0.979699813,0.977989006,0.938853041,0.896807526,,,,,0.996272189,0.98232916,,,0.664490101,,,,,0.955066434,0.970682713,,0.969184629,,0.965529772,,0.976122065,0.904278215,,,0.799311439,0.986886941,0.607445192,0.745186636,0.724347614,0.742081613,,,,,0.767838592,0.871849323,,0.694138667,0.829133393,0.653417058,0.325448927,0.962865206,0.688332324,0.832016565,0.909504944,,0.749033639,0.871296201,0.963644116,0.674064236,0.87512454,0.820548437,0.984816031,,0.987694711,0.914542914,0.812802081,0.613908725,0.86227992,0.941726422,0.992966442,,0.960691709,0.983390074,0.722702401,0.994061008,0.869441782,0.782947732,0.923905383,0.668056049,,0.88026797,,0.505903389,0.941229602,0.866982045,0.586272008,0.990370632,0.978575243,0.901611585,0.903047369,0.951803758,0.586732783,0.366287315,0.868634555,0.93460273,0.924506942,0.286773257,0.935501748,0.953781956,0.683931709,0.827935515,,0.922455778,0.52164652,0.608390355,,0.971478215,0.594930867,,0.989285581,0.773308749,0.925531392,0.980226971,0.920741476,0.947449992,,,0.73750934,0.992632657,0.948180362,0.880782816,0.943931455,0.981617566,0.97816285,0.855403862,,0.958727684,0.965257336,0.984512774,0.959053013,,,0.980915179,0.826934519,0.991607774,0.994856826,0.975220131,0.992642899,0.986867035,0.992067012,0.917409418,0.990061138,0.994477674,0.272670008,0.968959991,0.980158446,0.779622492,0.813527155,0.64013445,0.9510505,0.743373939,0.997314273,0.990935439,0.991106914,0.971992456,0.624058512,,,,0.967280152,0.959844575,,,,0.989868916,0.981997759,0.799932773,0.991507803,0.993518375,0.943567909,0.643790142,,,0.979173397,0.943536205,0.860243822,0.836167726,0.990528142,0.985584019,0.941959504,0.744959275,0.992026662,0.997197572,0.992072123,0.639277473,,0.913655193,0.892211074,0.986800659,0.995849272,,0.999169949,0.975019913,,0.976436672,0.927458138,0.869192316,,0.688097398,,0.925327248,0.943480975,0.943379596,0.881229316,,0.476101794,0.925966105,0.535217329,0.936595605,0.928382735,,0.823736083,0.855421518,0.520970575,0.978749977,0.916823131,,,,,,0.840314973,0.945158433,0.998027972,,0.919765331,0.857529286,0.989203892,0.985276899,0.874156814,0.811903471,,0.556755587,0.897586553,0.953097901,0.8691315,,0.891664035,0.921048162,,0.98594112,0.791955098,,,,,,0.874784851,,,,,,0.976289382,0.971769667,0.983675929,,,,,,,,,,,,,,,
ACH-000713,CAOV3,,,,,,,,,,,,,,,,,,,,,,,,,,,,,,,,,,,,,,,,,,,,,,,,,,,,,,,,,,,,,,,,,,,,,,,,,,,,,,,,,,,,,,,,,,,,,,,,0.851115391,0.910448468,0.622312566,0.362730088,,,,,,,0.888809994,0.974955138,,,,0.998881395,,0.999069777,0.835769794,,,,0.982191544,,0.979985462,0.990335232,0.978737849,0.840529048,0.960933724,0.973291864,0.937466743,0.963717263,0.71101979,0.960073599,0.956497393,,0.52482051,,0.945825312,0.912708531,0.998002709,0.983728744,0.960927664,0.980155541,0.768026966,0.668190554,0.607451735,0.964343725,,,0.743431056,,0.993885072,0.809483562,0.676006301,0.999578346,,0.940250624,0.791168689,,0.988361916,0.957945902,0.998396597,0.996869231,0.991790904,0.844533626,0.991812049,0.769389721,0.954560859,0.742884464,0.833197839,0.925806378,0.922983591,0.489943123,0.962927584,0.910273475,0.990384454,,0.949945945,0.972491068,0.941988992,0.835280084,0.904313604,0.906160069,0.996765513,,0.996840595,0.910918653,0.889719166,,0.955713946,0.965878642,0.967142909,0.972374657,0.847025937,,,0.162799399,0.986672785,0.999329509,0.860159873,0.796823405,0.729699731,0.883491537,0.786118969,0.994721877,0.980199378,,0.941942535,0.834403891,0.953759996,0.962452448,0.975961341,0.924212754,0.937560317,0.979101615,,,0.93352848,0.889547912,0.917390892,0.931906161,0.972969611,0.970260751,0.687921239,,,0.938101186,0.659811314,0.980904888,0.78276564,0.927350757,0.908788807,0.965959381,0.659462854,0.989198263,0.968824185,0.995266298,0.720966152,,,0.575873688,0.988602679,0.964220174,0.79730382,,0.996336879,,0.974417648,0.890171218,0.686918967,0.984253807,0.643496236,,0.941605401,0.684849266,0.764579771,0.786767725,,0.356545188,0.918531606,0.474625634,0.946105387,0.992196853,,0.966082007,0.676308802,0.670529673,0.992251492,0.870568979,,0.996115702,,0.930044683,,0.877981107,0.995956472,,0.988950094,0.680168353,0.721431,0.977757703,0.947356247,0.966296878,0.833792879,0.900035732,0.492703063,0.886111441,,0.841746246,,0.616768752,0.609742973,0.929501355,0.917226643,0.732768932,,,,,,0.834963188,,,,0.995590499,0.95070662,0.931963667,0.946038695,0.968435069,,,,,,,,,,,,,,,
ACH-000719,RMGI,,0.984534511,0.892188803,,0.964596432,0.942000484,0.988243741,0.997710272,0.952344013,0.683863383,0.826636401,,0.92068527,0.956253896,0.903254703,,0.976123631,0.942745849,0.994426135,0.958454801,0.853289842,0.919370145,0.914463842,,0.947319757,,,0.942111444,0.904988824,0.923651922,,,0.992779593,0.908796058,0.915515681,,,,,0.852706475,0.828018254,0.982792772,0.900558075,0.864742368,,0.697999856,0.885111227,0.935572122,0.893181554,,0.706584035,0.963298763,0.888056233,0.952269253,0.932100357,0.821203459,0.966945804,0.910656395,,,,0.61376987,0.841342929,,,,0.575317901,,,,,0.999583627,,,0.904741091,0.978445175,0.984168815,,,0.729417059,,0.961289351,0.797033083,0.827101717,0.481004908,0.76205222,0.683819231,0.966998776,0.999899411,,,,0.60129343,0.914393711,,0.757354068,0.899882841,,0.75134607,0.93604018,0.508705071,0.772093878,,0.514756413,0.587652636,0.900545491,0.908592415,0.868609558,0.908868454,0.597244306,0.990077747,0.95240084,0.951544568,0.834390302,0.671136486,0.68268803,0.883376271,0.872035766,0.99471487,0.85489215,0.998562154,,0.706419529,,0.844884108,0.721275113,0.821818464,0.724626296,0.9938401,0.799991354,,0.467589934,,0.768346874,0.754896407,,0.934688629,0.861870722,0.935368579,0.920285566,0.613683183,0.542964497,,,0.932909731,,,,0.874325751,0.798863275,0.986292886,0.83633564,0.715411375,0.896811836,0.990107739,0.961037923,0.911829355,0.965498579,,0.901328588,0.85184605,0.974681153,0.81657398,0.915213001,0.911917914,0.672272176,,0.862688117,0.906062978,0.846557137,0.936102579,,0.982317025,0.673435564,0.963581744,0.852450657,0.809786656,0.937645761,0.862962509,0.994957904,,0.921352535,0.778191079,0.940386806,0.990214887,0.87495578,0.927992127,0.868022328,0.92435013,0.747402555,0.974745624,0.965286227,0.117931059,0.981086084,0.98937096,0.681305764,0.453756002,0.509279613,0.835061288,0.6567023,0.998727522,0.912075394,0.998164314,0.780638514,0.643612583,0.958328983,0.953682427,0.958982211,0.847046734,0.872138467,0.933598082,,0.949688413,0.844789251,0.888452335,0.923947555,0.944921884,0.858343506,0.960835751,0.485709138,,,0.951868803,0.775769657,0.570466991,0.863174599,0.76447374,0.809050218,0.887429051,0.750941933,,0.911128659,0.982524432,0.548972173,,0.961190654,0.835741332,0.977582956,0.98987489,0.640944405,,,,0.993474848,0.768441975,0.533577129,0.981256832,0.680433619,,0.957093265,0.654910549,0.624991092,0.749631211,,,0.912771516,0.514624091,0.976887761,0.97307319,,0.856891728,0.689500755,0.589391941,,0.877044095,,0.999085264,,0.972855997,,0.914816236,0.958177152,0.982116596,,,0.694727866,,,0.816888462,0.709328914,,0.539496138,0.947444326,,0.752592104,,0.885878662,0.732087187,0.997414473,0.904266808,0.827242343,,,,,,0.818865628,,,,0.989470611,0.976466232,0.941876697,,,,,,,,,,,,,,,,,
ACH-000811,SKOV3,,0.961564835,0.678581305,0.993837996,0.831687893,0.848718292,0.992491548,0.988428255,,,0.900733284,,0.91785551,0.955317743,0.71692743,,,0.847556169,,0.98444869,0.745275182,0.961302993,0.698149557,0.989541933,0.738856323,,0.918293483,0.959637875,0.524230249,0.8793283,,0.981362795,0.928892404,0.954297812,0.949455451,,,0.912254241,0.900530019,0.92990028,0.965264363,0.930961054,0.917736198,0.901714051,0.770069599,0.786772783,0.78413358,0.79987693,0.797777066,,0.852552837,,0.908051498,0.899231583,0.991166788,0.991436569,,0.962673764,,,,,0.90079915,0.943873673,,,0.656058354,,,,,0.965780857,0.997423152,,0.839157971,,0.981903988,,0.964537056,0.873987122,,0.9591718,0.783663379,0.901126108,0.868461279,0.899771016,0.643129058,0.805250277,,,,,0.728640666,0.923583674,,0.516762903,0.843108026,0.530327146,0.374637051,0.967440504,0.792295987,0.851290572,,0.852285346,0.683089026,0.680536966,,0.811633231,0.928090673,0.868199247,0.980767529,0.925153789,0.931693368,0.792056837,0.902959839,0.79095305,0.981198579,0.928079633,,0.889490064,0.990986482,0.705516346,0.819377943,0.847743053,0.712701949,0.62762643,0.773026453,0.687823181,,0.682174866,,0.680499038,0.937000995,0.782530415,0.7406189,0.822549365,0.894127272,0.865880667,0.848541411,0.831305339,0.375001442,0.458673466,0.662035658,0.810425468,,0.517042897,,0.987182068,0.474376373,0.846272918,,0.828282017,0.421840266,0.657035615,0.91486054,0.870965804,0.619802624,,,0.830542717,0.666487846,0.963180206,0.64745677,0.933796194,,0.738036561,0.906062488,0.718080689,0.915624464,0.763374841,0.557945191,0.942091468,0.933680009,0.691060916,,0.941396429,0.693977289,0.979603725,0.814334951,0.973582209,0.968371913,0.939630278,,0.880349984,0.953522641,0.918358969,0.948075248,0.957724977,0.955114463,0.809513817,0.970627276,,0.057210038,0.981433688,,0.593687927,0.601107812,0.389113121,0.817488891,0.494801501,0.97550109,0.949787481,0.934661177,0.813223454,0.604284498,0.860361191,,,0.885513847,0.936876009,,,0.984985591,0.969417228,0.980223229,0.967731889,0.957966228,0.985315082,0.980791531,,,,0.902373494,,0.526946475,0.805231137,0.979889354,0.806817962,,0.700219147,0.923737478,0.943842802,0.982505177,0.574116452,,0.778274125,0.589291105,0.973232756,0.963412065,,0.994125554,0.992182336,,0.990780301,0.818889984,0.671422353,0.975929289,0.512227514,,0.928430429,0.957455592,0.85562728,0.77186844,,0.500621314,0.955452733,0.590499463,0.972566848,0.947797456,,0.827589001,0.829437963,0.591766691,0.976674794,0.930119996,,,,0.939085856,,0.965203197,0.998753836,,0.910218734,0.978947496,0.84842061,,0.935904622,0.830768349,0.533180101,0.490291435,0.759161529,0.966631216,0.969642409,0.862636898,,0.822959221,0.679377215,0.961090826,0.919723633,0.774252632,,,,,,0.896629707,,,,,0.947123903,0.940913864,0.935382426,,,,,,,,,,,,,,,,
ACH-000885,TOV21G,,0.893477562,0.552914848,0.652468759,0.671358898,0.678907318,,,0.919299692,0.899454694,0.672621948,0.931251463,0.837389631,0.819401015,0.568704077,0.807937387,0.935213584,0.778680346,0.935011527,0.920428386,0.655301422,0.977501912,0.451062467,,0.298548541,0.936875635,,0.965735954,0.512190335,0.922779764,0.959243806,0.826099079,0.693798008,0.989130308,0.984098801,,0.993316814,0.932539999,,0.787137442,0.978121304,0.938836989,0.81821955,0.925926569,0.932870626,0.807561399,0.468342197,0.842759312,0.80074124,,0.84733651,,0.934835647,0.854205037,0.87947934,0.815755724,0.928441116,0.972722822,,,,,0.90583173,0.882868043,0.739251549,,0.40723028,0.996698281,0.747003197,0.906920494,0.367178359,0.955746039,0.924169122,,0.887822699,0.993850018,0.991808018,0.91725024,,0.923048479,,0.965057239,0.681144053,0.865810212,0.653733175,0.741740471,0.498031775,0.551749975,0.981086044,,0.97845499,0.923759055,0.550812888,0.960313455,,0.859498269,,0.969435404,0.630389862,0.941035265,0.643055888,,,0.919888491,0.469398769,0.777076968,0.872145879,0.572130602,0.873689635,0.765764958,,0.989878901,0.796899432,0.842916627,0.849876261,0.941905313,,0.823758255,0.983603616,0.967311687,0.960856281,0.958881918,0.707877022,0.937115566,0.72274627,0.907158525,0.851966766,0.815101272,0.988716584,0.877221467,,0.298724114,0.93824689,0.963572188,,,0.863772377,,0.969540163,0.934390072,0.888509393,0.969440163,0.997285909,,0.992945667,0.930914102,0.979768151,0.9521175,0.781626078,0.922062027,0.98184613,,0.892983919,0.983521875,,0.862827219,,0.906870089,0.956484889,0.99345669,0.667362294,,0.582876218,0.991241992,0.88853682,0.812328542,0.963169944,0.773947354,,0.901653155,0.613122023,0.974876045,,0.4030739,,0.772727301,0.979420671,,0.980389347,0.961742071,,,0.891140373,,0.981502754,0.984973613,0.965536179,,,0.948672778,,,0.074171046,0.988303051,,0.873833768,0.870569102,0.753032166,,0.793117708,0.972656395,,,0.891149011,0.874753599,,,,,,,,0.977726898,,0.954730643,0.956726847,,0.992759192,0.864978182,0.94141642,,,,0.902713364,0.720054483,0.975216628,0.975755322,0.956003361,0.968519485,0.828427187,0.959796171,0.990233349,0.896263308,0.751226023,,,0.896953487,,,,,0.672399533,,0.976642761,0.964880489,0.664484546,,0.757451708,,0.94166418,0.91167611,0.903456353,0.844439846,,0.861063179,0.960357825,0.826532302,0.957518689,0.950618084,,0.915505438,0.889859642,0.860430925,0.986202857,0.970292002,,,,0.895886252,,0.914990616,,0.963901899,0.968017099,,0.774075423,,0.984913724,0.794848095,0.713043893,0.928215211,0.741082709,0.902377216,0.937403342,0.903647952,,0.880385962,0.855756445,0.973279908,0.992696928,0.663477213,,,,,,0.89554949,,0.957873139,,0.921235052,0.964141387,0.948286397,0.949683998,0.997552725,,,,,,,,,,,,,,,
ACH-000906,ES2,0.998391136,0.865098991,0.763397773,0.922416455,0.636309051,0.827013194,0.766078293,,,,0.799907077,0.975161812,0.719314509,0.82569203,0.806325152,0.988689472,,0.834954655,,0.958276483,0.575525312,0.919442056,0.658453741,,0.911595504,0.992367411,,,0.583004285,0.998092251,0.987903291,0.880663308,0.921795014,0.986720709,0.992903508,0.652017437,,0.963635019,0.964552201,,,,0.941608219,0.908773428,0.866879457,0.782718794,0.784903225,0.946846091,0.844759216,0.992174201,0.670561555,0.904200739,0.796374828,0.995541677,0.992428947,0.996378687,0.995397344,0.998075885,0.894446992,0.97701668,0.96935348,0.937543531,0.953605408,0.963969289,0.983592685,,0.578868757,0.984081454,0.975670586,,0.725557354,0.967961305,0.9793557,,0.974189214,,,,,,0.99634421,0.848858832,0.963110336,0.9794566,0.669661424,0.902786543,,0.734268551,,,,,0.663058237,,0.895752691,0.888768787,0.935129682,0.659409363,0.607492776,0.756250305,0.415831048,0.413018033,0.992980783,,0.434022153,0.994449484,0.978895157,0.653365359,0.977512239,0.611348888,,0.990065296,0.971094904,0.886513906,0.846624512,,0.855260658,,,0.984078501,,0.994548076,0.862085437,,0.958524844,,0.990001033,0.93798515,,0.929223096,0.979649244,0.62749527,0.997551031,0.946158715,0.873018152,0.95807752,0.905725319,0.963377581,0.970914018,0.711514524,0.675877963,0.519068306,0.999603311,,0.996073741,0.522230093,0.981768115,0.977451856,0.839114007,0.595130873,0.979028618,0.969926566,0.730888253,0.929582921,,0.850308046,0.998118837,,,0.987897868,0.939601717,,0.680326791,0.951895668,0.944335944,0.966130196,0.840258291,0.95213186,0.984023863,0.950264006,0.972427047,0.980299544,,0.724936464,,0.984464235,0.627221867,0.882300818,0.972102416,0.998756196,,0.972763841,0.939444514,0.841764593,,0.644800426,0.618374931,0.877060178,,0.831993929,0.937393687,0.980375155,0.077271104,0.990352075,,0.408446366,0.610597504,0.339720318,0.95250559,0.373412829,0.995953464,0.958886321,0.998260733,0.966148239,0.947186386,0.992578702,0.991281338,0.972613287,0.814490978,,0.982039931,0.707779911,0.949868255,0.942740832,0.971092337,0.825051932,0.972081795,0.868378785,0.953288132,0.690295217,,0.751667869,0.726861631,0.976440654,0.810987256,0.973689667,0.975248004,0.788725822,0.985161278,0.691417939,0.939600106,0.991985052,0.99912422,0.533255644,0.960439566,0.9990933,0.5492106,,0.997739551,0.965649522,,0.98506097,0.915705018,,0.779177947,0.755998549,0.978520875,0.606004783,0.960881492,0.901903048,0.93045811,0.820919241,0.977035275,0.955315493,,0.972713312,0.706379578,,0.977651465,0.907520223,0.933846192,0.794690727,0.669300046,0.948111394,0.86892897,0.997174463,,0.869901742,0.964006229,,0.965829343,0.777369896,,0.933461883,0.964155662,0.704809063,,0.948754762,0.782845231,0.486978103,,0.485512764,0.905868513,,0.780788168,0.868313024,0.757391045,0.785943351,0.98524107,0.966935697,0.69624649,0.939117776,0.938484868,,0.914040474,0.990116912,0.831289817,,,0.996010353,0.994198987,0.949601669,0.972779923,0.971127813,0.991294077,,0.905547673,0.907736444,0.995788043,0.988865163,0.973799969,0.66270198,0.719223579,0.975268667,0.795033109,0.764300436,,0.771140977,,
ACH-000947,OVK18,,0.917833881,0.636003407,0.835932073,0.615148713,0.813795244,0.979369029,0.948204606,0.962824786,0.943958458,0.574067023,0.976668456,0.723864997,0.688323264,0.494186331,0.882088016,0.972388069,0.970214112,0.934534963,0.84069321,0.661217971,0.922909449,0.830738595,,0.674182278,0.966624376,,0.896884436,0.654800185,0.993900481,0.973938501,,0.908176545,0.931972995,0.965403718,,0.901095384,0.910227155,,0.805798815,0.943346012,0.891675605,0.789501008,0.864112158,0.636552902,0.804228346,0.609113097,0.69427542,0.704084754,,0.6345074,,0.924688461,0.861188447,0.947185279,0.928550758,,0.974482902,,,,0.946601774,0.912228244,0.906004285,0.855356827,,0.402692151,0.99405782,0.822685477,0.949945876,0.423297267,0.96095404,0.955388161,,0.837242775,0.979212444,0.967702161,0.912880688,0.96795051,0.897934251,0.967905087,0.988568529,0.807659106,,0.702609259,0.705264335,0.362982343,0.77481459,0.894852948,,,,0.738358702,0.914894767,,,,,,,0.747326513,0.866194179,0.945308918,0.939871318,0.69856612,,,0.624348079,0.889863667,0.823330279,,0.945189064,,0.941253085,0.76396619,0.723981693,0.923971605,,,,,,,,,,,,,,,,,,,,,,,0.770432027,,,,,,,,0.999337873,,0.994897945,,,,,,0.981967478,,,0.993057714,,,0.968457548,0.948309459,0.970478804,0.974779049,0.815875471,0.972196392,,,0.851476659,0.946002286,,,0.806813174,,,0.948231321,0.998227184,,0.958927117,,,0.927503675,0.996160059,0.907193422,0.978007509,0.989987919,0.955732904,0.989795096,0.807379858,0.988277137,,0.770851507,0.918021897,0.993491985,,0.963142461,,0.992500125,0.97196935,0.985963273,0.990128095,,0.961917448,0.878357312,0.987346069,,0.989537693,0.971676874,0.952224348,,,0.995942001,0.871192588,0.929841214,0.943492665,0.929187309,0.994139759,0.953721743,0.788500899,,,0.760890531,0.924069607,0.812907625,0.970914329,0.988341405,0.966875709,0.994673445,0.955253364,0.984121353,0.91249782,,0.585581813,,,0.96910793,0.988364894,,0.897894879,0.981917088,0.983612367,,0.994929702,0.850597384,,0.966263813,0.995184863,,0.925407024,0.944234582,0.952735343,0.977265177,,,0.93337554,0.567029266,0.990643082,0.985674406,,0.855433387,0.829401956,0.540942885,0.993509469,0.897408684,0.999626452,,,0.94876112,,0.889502717,0.991643869,0.986971132,0.92098085,0.913042163,0.766006852,0.946824494,0.964053081,0.844634907,0.792713948,0.965355709,0.436972602,0.909584831,0.959193034,0.690087801,,0.63520008,0.839378854,0.905199133,0.953298485,0.796795006,,,,,,0.892014021,,,,,,,0.954678616,0.984385075,,,,,,,,,,,,,,,
ACH-001063,DOV13,,0.920832703,0.712968615,0.916366697,0.735364866,0.73480535,0.991099748,0.938398167,0.952390518,0.945736794,0.799388638,,0.746182153,0.825018832,0.731687813,0.99993236,,0.828538317,,0.973270028,0.659824842,0.934603393,0.512660079,0.983220314,0.479212802,0.987216464,,0.968837206,0.328954779,0.826722554,0.998117202,0.934615338,0.875718969,0.92945754,0.991905645,,,0.930490429,,0.904165978,,0.978747312,0.911203662,0.937418469,0.848924623,0.666432046,0.645912867,0.746734458,0.786873112,,0.648846936,,0.77876944,0.86230914,0.990394466,0.920414879,0.985969341,0.836502384,,,,0.953221017,0.928727163,0.920189612,0.648565881,0.87690556,0.623406297,,0.683614268,0.904688297,0.38669293,0.911775729,0.968359274,,0.905367885,0.854538349,0.917585715,0.864286176,0.909908598,0.807150655,0.870932555,0.852764276,,0.929405981,0.706399183,0.732695034,0.479835658,0.76412795,0.810795608,,0.995040609,0.990111221,0.641870452,0.880388094,,,,,,0.937846191,0.691863056,0.668103905,,0.798265158,0.601513891,,,0.59741458,0.964767779,0.721817329,,0.934921229,,0.944624279,0.767211545,0.748464271,,,,,,,,,,,,,,,,,,,,,,,,0.800738102,,,,,,,,0.990912982,,0.977081258,,,,,,0.976445846,,,0.990361997,,,0.972140824,0.973777811,0.963364988,0.986570637,0.930341041,0.977006451,,0.986395309,0.984259841,0.910570382,,,0.952861236,0.975357808,0.973732024,0.859583621,0.958982671,,0.986536377,,0.991355746,0.947438016,0.951267719,0.977255444,0.963498603,0.972319099,0.980051062,0.969213526,0.817824513,0.97313304,0.993914234,0.670119434,0.965170573,,,0.944010232,,0.995364621,,0.984739472,0.979853441,0.997622448,0.986692655,0.97971473,0.915120687,0.941119883,0.971288223,0.88610374,0.908663953,0.943052833,,0.975618287,0.8470873,0.957321854,0.963138229,0.958818074,0.991990944,0.950236035,0.848248426,,,0.908367147,,0.948372528,0.960915502,0.99245577,0.978937961,,0.804221073,0.987634524,0.945950247,,,,0.976342139,,,,0.961984778,,0.988953213,,0.997020792,0.847123874,,0.985822616,0.817818778,,0.867349208,0.834163273,0.837520019,0.763380354,,0.506570088,0.935438559,0.481741891,0.971657977,0.956541044,,0.810095469,0.762905736,,0.976243527,0.839884741,0.983041836,0.98986833,,0.947343881,,0.953504084,0.988636123,,0.994060431,0.882922901,0.717818611,,0.964314982,0.855352903,0.642839291,,0.595894225,0.889051123,0.958733999,0.800442439,,0.795858683,0.82573495,0.937925246,0.91988621,,,,,,,0.91012188,,,,0.955923838,0.961633135,0.95878828,0.951454809,0.970835751,,,,,,,,,,,,,,,
ACH-001151,OVCAR5,,0.984182787,0.740190601,0.795568197,0.665630782,0.731286582,0.995156233,,0.998713831,0.892459818,0.580477492,,0.585313377,0.68390934,0.740310429,0.998088113,,0.95713467,,0.924516554,0.642528313,0.825328712,0.795030325,,0.62804043,,,0.998293393,0.326297426,0.977028249,,0.9997053,0.834841655,,,,,,,,0.916008685,,0.935877924,0.910375096,0.821800743,0.687262455,0.709155211,0.748088241,0.754106794,,0.532841222,0.920166353,0.96224807,0.996199815,0.988400939,0.97994089,,0.808919012,,,,0.94016452,0.973922365,0.863239398,,,0.704473658,,,,,0.908676356,,,0.856192259,0.955938405,0.981737849,,0.967227685,0.867326862,,0.916436075,0.842103863,0.926932103,0.574460342,0.798096873,0.345575389,0.841465853,0.844942551,0.991497064,,,0.623788775,0.978874064,,0.677296155,0.667624536,0.591318444,0.495249243,0.970093496,0.374530675,0.900758359,,0.914705637,0.487314376,0.839316983,0.970211251,0.788036846,0.830325056,0.572102079,,0.93656041,,0.888529713,0.586034341,0.72746854,0.865235402,0.871261361,,,0.952224275,0.865045839,0.538328493,0.787925027,0.829167809,0.76505747,0.63580092,0.625930044,,0.877453489,,0.551422015,0.951207606,0.95082142,0.875648382,0.938107687,0.87973266,0.961540968,0.89078595,0.852508649,0.298794529,0.479235255,,0.780608959,,0.593901078,0.931402951,,0.652685238,0.950523294,,0.96140792,0.362186998,0.627603293,0.977194226,0.853373498,0.8980761,0.976750485,0.97503504,0.928865491,0.860733111,0.962032744,0.638218678,0.979994744,0.907086709,0.834316804,0.821557858,0.986800139,0.947875934,0.95772783,,0.958812344,0.93159017,0.763850722,,0.959805097,0.892570106,0.987558084,0.779471409,0.973751819,,,0.82078104,0.890230452,,0.964253357,,0.904599201,0.948829419,0.772163819,0.960385125,,0.085316608,,,0.567064977,0.630306114,0.455609444,0.915099659,0.543498268,0.964884885,0.937479099,0.944482268,0.844612407,0.751696152,0.888084832,,,0.900568619,0.936398896,,,0.97346923,0.9719552,0.988786741,,0.977335476,0.937750043,0.99285239,0.805003074,,,0.962988964,,0.89538951,0.86349197,0.972465793,0.905505411,,0.741566146,0.906235129,0.978217455,0.971212591,0.724550078,,0.946523885,0.709615209,0.957812822,0.966513628,,0.994631899,,,,0.869488087,0.578905962,0.984744571,0.541082099,,,0.957741963,0.968805863,0.850147207,,0.654171934,,0.687851671,,0.983090875,,0.904582252,0.840007509,0.673500569,0.91760131,0.883140587,0.997227247,,,0.946688116,,0.985750812,0.977566696,,,0.922655493,0.716886443,,0.962938474,0.88360994,0.4617748,,0.890204497,0.880414042,0.980948424,0.80443088,,,0.733716762,0.935640518,0.900350422,0.755284015,,,,,,0.819930151,,,,0.951780555,,0.972036729,0.951015029,0.995467484,,,,,,,,,,,,,,,
ACH-001374,PA1,,0.894263303,0.523702553,0.700068674,0.707709427,0.565092711,0.96895044,0.933956046,,0.862192568,0.501738224,,0.957741668,0.858683252,,0.879440791,,0.922669289,0.950974703,0.928842923,0.880803804,,0.627365282,0.988534111,0.928179093,0.990388476,0.978581955,0.985995962,0.550243215,,0.970669466,0.850784293,0.748207791,0.956650067,0.980749967,,,,0.935304202,0.720851659,,0.998879558,,0.88269114,0.87033263,0.759349774,0.656873899,0.8019496,0.778930066,,0.977044429,0.986302974,0.965467735,0.876856639,0.979089097,0.917503682,,,,,,,,0.822872734,,,0.383063833,,,,,0.855425664,0.884149929,,,,,,,,,,,,,,,,,,,,,,,0.269208343,0.189330238,0.204080795,0.150783118,,,,,,,0.466879412,,0.391477505,,,,,0.926373504,0.606470519,,,,0.763770857,,0.859007109,,0.942403693,0.423535305,0.854976655,0.612985456,0.717558328,0.398080298,0.410191796,,0.678539021,,0.280317746,0.871384488,0.622004992,0.584072031,,0.771766892,0.757353135,0.600281068,0.553587955,0.056341579,0.165039347,0.754696406,,0.96363777,0.431468768,0.984588584,0.977251501,0.560629181,0.634157898,,0.958857533,0.305140224,0.356720042,,0.752998885,0.58719309,,,0.622874884,0.566734449,0.985326663,0.290890688,0.840485755,0.596154627,0.527315054,0.662109949,0.534246826,0.668407813,0.774726961,0.815702396,0.897611411,0.943437553,0.378978444,,0.876112291,0.722818159,0.918858921,0.693462077,0.943343186,,0.984032291,0.617385561,0.788095357,0.886950993,0.891396213,0.886348375,0.952140086,0.960455515,0.376044148,0.733574068,0.942963273,0.018848661,0.786419075,,0.146749081,0.286373455,0.062559106,0.812684004,0.165274534,,0.937088708,0.962217492,0.71902628,0.379986647,,0.893829344,,0.76237864,0.944544429,0.960690515,,0.930847629,0.856307459,0.948117154,0.989682933,0.753432656,0.902293419,0.851488495,0.249778926,,,0.522542179,0.249904052,0.314859072,0.681817845,0.990701617,0.453495912,0.65147015,0.479282731,0.98074713,0.864964292,0.966851837,0.553656713,,0.77074951,0.300483944,0.853584647,0.919238886,0.501358721,0.965474073,0.972043414,,0.921167446,0.751268303,0.410017995,0.898192213,0.263002713,,0.704450124,0.689000622,0.765058285,0.618145464,,,0.873338938,0.328412593,0.957046873,0.975349825,,0.713339989,0.676940836,0.397407819,,0.760108667,0.999713939,0.999883421,,0.816014946,,0.816181978,0.97708291,0.981428687,,0.655414569,0.399036857,0.832794381,0.934030176,0.422501996,0.15671307,,0.276672351,0.731658629,0.947584217,0.678317056,,0.571924302,0.689524661,0.949550072,0.950088721,0.57731316,,,,,,0.776611962,,0.947380585,,0.988068206,0.978395427,0.912961915,0.910676873,0.977132738,,,,,,,,,,,,,,,
ACH-001418,UWB1289,,0.958532653,0.850514971,0.932394587,0.90704833,0.925070531,0.95828588,0.907356678,0.940992914,0.932874261,0.874957409,0.998644311,0.921342263,0.935774796,0.851471129,0.978055943,0.998820329,0.943319197,,0.985977108,0.808160331,0.969169213,0.856470784,0.981994811,0.974482596,,0.96661113,0.961059066,0.79883711,0.825301779,0.998608341,0.977248773,0.968290946,0.980083543,,,,0.950642965,,0.992723615,0.950773925,0.990681389,0.998273504,0.966535012,0.841791883,0.989438421,0.846853762,0.825584349,0.890335378,,0.85290915,0.999209227,0.984750716,0.917191053,0.977495984,0.980567358,0.993603159,0.969679973,,,,0.794230864,0.983036181,0.951109819,0.941658076,0.945948479,0.758993228,0.994328656,0.838866468,0.901218378,0.595998537,0.973331263,0.992836156,,0.998159549,0.990715472,,0.980540108,0.986628178,0.906608698,0.941843049,,0.796870004,0.936647461,0.795092359,0.842761685,0.783662682,0.769437624,,0.998307204,0.978876123,0.988923519,0.916904256,0.965138468,,,,,,0.99454253,0.765888503,0.896271934,,0.76404395,0.757954881,,,0.717314394,0.952544509,0.813865663,,,,0.872264513,0.888508823,0.803200953,,,0.980224128,,,,,,,,,,,,,,,,,,,,,0.949904732,,,,,,,,0.981135165,,0.959815933,,,,,,0.985665209,,,,,0.94869333,0.981920451,0.888445063,0.946102487,0.940757841,0.814316098,0.922450888,0.969986041,0.953343051,0.96328249,0.998830984,0.983618732,,0.964831857,,0.957097179,0.880518016,0.90685233,0.939923857,,0.980900512,0.98228497,0.947935127,0.9493847,0.9143761,0.870764553,0.917493462,0.856495937,0.930596187,0.796496568,0.959517344,,0.232529335,0.975981712,,0.721562802,0.650402405,0.582009293,0.937968216,0.71804771,0.990650396,0.920809713,0.985927144,0.871142016,0.82962752,0.890285007,,,0.860593743,0.864752949,0.917795373,,,0.937518412,0.982159606,,0.968250241,0.916878072,0.967291077,0.687155747,,,,0.956600199,0.793625957,0.877332281,0.956935038,0.824252404,0.981028919,0.747517012,,0.896359228,,0.433040925,,0.951607971,,0.994417465,0.962939157,0.854108954,,0.975328476,,,0.839547603,0.97838571,0.977057675,0.670613961,,0.970012112,0.590537305,0.545048717,0.740926322,,0.334580265,0.788601343,0.459986287,0.932298669,0.946312925,,0.838649795,0.522168596,0.42545043,0.95396177,0.866831377,0.990742279,,,0.957335011,0.978092047,0.88633093,0.983574408,0.97350796,,0.838684088,0.651436283,0.929189157,0.981414786,0.811131054,0.622994686,0.963903339,0.49497088,0.920011324,,0.709607696,,0.752189695,0.637936213,0.873380131,0.942241959,0.927537997,,,,,,0.831837506,,,,0.974491814,0.959218205,,0.996266664,0.974946215,,,,,,,,,,,,,,,
ACH-001630,PEO1,,0.95056548,0.659598904,0.882612536,0.629958885,0.852415151,0.916553294,,0.997997755,0.973508035,0.883061668,,0.871695591,0.955588968,0.854779799,,,0.918890405,,0.921808599,0.592751321,0.803752632,0.733674684,,0.811398736,,,0.995384079,0.62202783,0.84378993,,0.998300277,0.929565531,0.996389042,,,,0.934828026,,,0.786452846,,0.923812237,0.919997384,0.792961651,0.803782778,0.842424794,0.898323088,0.918078456,,0.740996791,,,,,0.999251271,,0.907356731,,,,0.966247041,,0.984603522,0.725485293,0.865160064,0.563619717,0.954725856,0.678545102,0.918803413,0.351098217,0.954957809,,,0.903234236,,0.982577354,0.953540532,0.99756296,0.856629582,0.978980273,0.925200705,0.811094917,0.977166231,0.493631514,0.823331671,,0.7602407,0.988770035,0.997151347,,,0.750342784,0.960549974,,,,,,0.99755916,0.647040785,0.942691553,,0.826715652,0.521697901,,,0.605814568,0.940506408,0.847434735,,,,0.82886156,0.851991728,0.769213794,,,,,,,,,,,,,,,,,,,,,,,,0.957167206,,,,,,,,0.972565606,,0.928961724,,,,,,0.929501446,,0.990502049,,,0.898174997,0.995461214,0.743036925,0.941067311,0.892280842,0.786801165,0.885825952,0.948592057,0.902427027,0.952855158,0.87628655,0.972357175,,0.900298584,,0.9674855,0.936575244,0.921105736,,0.987527408,,0.993337596,0.96823537,0.829611026,0.953080255,0.885575537,0.951379746,0.872169332,,0.760818879,0.969020968,0.966502137,0.063224664,0.878302429,0.976848107,0.636006518,0.509329008,0.555468192,0.855901511,0.605896306,0.983001999,0.938525151,0.984058471,0.998370446,,0.87154476,0.919084032,0.921242551,0.864964224,,,,0.939240589,0.899693478,0.936167328,0.91367479,0.949459492,0.919402775,0.983180026,0.99453554,,,0.997974686,,,0.772787072,0.956719459,0.914370434,,0.708955722,0.996252492,0.982081595,,0.656351373,,,0.883934721,,0.946123093,,0.987845227,0.972688035,,0.992269066,0.788853796,0.970661161,0.979141323,0.994498009,,0.97011394,0.773594658,0.765402615,0.895443605,,,0.946083305,0.625795497,0.986884198,0.955622798,,0.932008011,0.608271274,0.542321531,0.958767843,0.829136923,,0.996914423,,0.971212465,,0.984399977,0.989592152,0.978936139,0.988337025,0.967368549,0.85828201,,,0.929700828,0.908395998,,0.691755312,0.956700022,0.966489398,0.712091842,,0.832959265,0.930375041,0.956934979,0.93960866,0.794864376,,,,,,0.948434418,,,,,,0.985913547,0.948739179,0.982880368,,,,,,,,,,,,,,,
ACH-002140,HEY,,0.897772251,0.439084813,0.919766127,0.53610985,0.678823346,0.942308492,0.963294931,,0.877932176,0.64373879,0.908805767,0.693662105,0.778575757,0.707086987,0.924570256,0.969814702,0.694746952,0.95639149,,0.608718304,0.844319209,0.575896768,,0.49704507,0.995338305,0.938215041,0.909903689,0.357891149,0.99829917,0.977229764,0.894740843,0.778957157,0.954978304,0.910502259,,0.865697634,0.961644246,,0.796835138,,,0.869957921,0.93933719,0.766078778,0.647275538,0.55699265,0.764137879,0.640266587,,0.816431081,0.830724805,0.765166351,0.938922307,,0.910806417,0.921277363,0.951983979,,,,,0.951643188,0.892738939,0.804799522,,0.551309722,,0.748291173,0.954674604,0.33292693,0.880306813,0.943655415,,0.876303683,,,0.922663487,0.880599485,0.746633558,0.851064011,0.715003662,,0.904034056,0.550711441,0.800218607,0.117210013,0.805470253,,,,,0.499054136,0.884468768,,,,,,0.96641338,0.386530971,0.674696232,0.990411841,0.876139312,0.390622454,,,0.534541777,0.912441379,0.758413397,,,,0.864633621,0.777302284,0.776153166,,,,,,,,,,,,,,,,,,,,,,,,0.669983129,,,,,,,,0.998212084,,0.980953699,,,,,,0.932424327,,,,,0.975112322,0.971604766,0.727963201,0.970073136,0.918518071,0.852464039,0.964216991,0.935516785,0.909255528,0.969421838,0.96806724,0.990533081,,0.791215879,,0.986862723,0.740580057,0.992828356,0.868920091,0.992681884,,,0.775114139,0.986027768,,0.92142504,0.91544512,0.818528771,0.972970319,0.44728049,0.942161277,,0.059628113,0.896241008,0.988172616,0.561250711,0.519396094,0.428532655,0.923133951,0.473619406,,0.957179614,,0.872673463,0.863398966,0.852983527,,,0.90086787,0.983784852,0.600056487,,0.994457951,0.958448232,0.925640906,0.416735473,0.92522924,0.743315495,0.9734229,0.548931148,,,0.767152071,0.68276768,0.636115225,0.807217316,0.96159127,0.89063287,0.897658699,0.710264948,0.900453164,0.950518526,0.987659643,0.466810942,,0.989213065,0.569543669,0.94832361,0.91435003,0.67684406,0.996311437,0.98347238,,0.998117029,0.593029499,0.986943839,0.992713573,0.498169467,,0.740799918,0.905656539,0.712387085,0.786043571,,0.243224229,0.957670826,0.538621359,0.942465651,0.852557743,,0.845234032,0.784005003,0.499791565,0.970188405,0.731461844,,0.986614343,,0.819096935,,0.957722748,0.693435152,,0.804536804,0.797694755,0.468599261,,0.95468767,0.567205694,0.371083554,,0.451036447,0.816792662,0.963687004,0.693871353,,0.324563128,0.771337793,0.921168877,0.94053879,0.715756135,,,,,,0.60456777,,0.997495683,,0.997496496,0.991649305,0.978148095,0.967556457,0.990481894,,,,,,,,,,,,,,,
ACH-002149,KGN,0.926275913,0.732017181,0.784519896,0.935833835,0.9584127,0.73244563,0.909720698,0.998560628,,,0.871644011,,0.785638414,0.874942418,0.812358802,,,0.954903614,0.995377896,0.941393273,0.730901861,0.92037012,0.614746603,,0.893671627,,,0.972382267,0.844809277,0.999052012,0.991578014,0.940637792,0.869526159,0.908921824,0.952058375,0.652366164,,0.985744306,0.903398338,0.820646888,0.962133084,0.957153045,0.922257167,0.968488145,0.902801248,0.814569163,0.77866158,0.953491844,0.821570407,0.829878913,0.801441672,,0.910175688,,,0.893416169,0.898469487,0.98448524,0.623341998,0.946941014,0.938153254,,0.932831255,0.67944291,0.827034612,0.975160546,0.610855472,0.983182166,0.803567678,0.918234786,0.48782173,0.945778033,0.913606729,0.966815798,0.83406186,0.864667133,0.96072084,0.907965164,0.934341313,0.794985553,0.908175289,0.893466034,0.810648482,0.891203501,0.640965615,0.763833948,,0.686034016,,,,,0.770108883,0.913157363,0.727034868,0.343925276,0.521193618,,0.386179121,0.932050229,0.767763103,,,0.942379593,0.370959559,0.628157729,,0.641309239,0.952067419,0.899718784,,0.954886012,0.943336379,0.674129972,0.92830926,0.756203823,0.959846781,0.732931498,,,0.931850107,0.745605801,0.634783572,,0.650423208,0.560930807,0.755809228,0.38131539,0.910761537,0.743804257,,0.528076117,0.962303038,0.639847822,0.686050297,0.909885425,0.770576991,0.861506983,0.764768549,0.632501477,0.205991217,0.379383285,0.699294201,0.853493918,0.849443989,0.122144288,,,0.492689076,0.35018251,0.95983935,0.79521854,0.512705415,0.416452096,0.946261571,0.973671238,0.50234545,,,0.842142789,0.69821428,0.956756249,0.756861093,,0.738609499,0.559503292,0.869983793,0.792827606,0.718757302,0.856895298,0.975594242,0.989615423,0.941588284,0.549400335,0.925862441,0.873636682,0.692847176,0.818320792,0.977403928,0.917393261,0.967938376,,0.656986069,0.901860283,0.971498175,0.932672429,0.980262676,0.86033007,,0.719434799,0.92453951,,0.009293271,,,0.530790523,0.561325034,0.374565976,0.605887294,0.464601087,,0.831294114,0.974962877,0.849738693,0.558788801,0.916266108,,0.89471729,0.849466053,0.944393854,0.793247748,0.786093274,0.974835708,0.944707785,0.847331208,0.921130646,0.898666621,0.902684671,0.972709644,0.345274491,,0.945939493,0.484271603,0.977504721,0.381364433,0.777207606,0.716925935,0.776091556,0.749235405,0.403894069,0.977606274,0.853280715,0.973947503,0.291927793,0.649389173,0.922526837,0.338837172,0.987353589,0.942190333,0.519959206,0.981710016,,,0.971796186,0.615527867,0.914775102,0.961383147,0.130773055,0.776302612,0.768560051,0.646898954,0.730484914,0.821507983,,,0.985563594,0.479075002,0.890566295,0.94949707,0.817103764,0.61106264,0.571485184,0.27804262,0.752159124,0.791408858,0.984376605,0.983993104,0.705693533,0.85446276,,0.914930812,,0.975979393,,0.740549624,0.484572734,0.936479744,0.908835911,0.730051597,0.609067149,,0.531903647,0.786077251,0.905531221,0.761266841,0.841672659,0.448677323,0.627733181,0.740520364,0.919393817,0.588185602,0.773608136,0.423760948,,0.549392482,0.916572792,0.80473641,,0.95922335,0.731261789,0.978037484,0.969924603,0.978766637,,0.984706486,0.945295067,,0.793867762,0.724345478,0.872251079,0.889092415,0.902342326,0.311598551,0.676516729,0.719650874,0.745888343,0.848552307,0.864547166,,0.882832925
ACH-002181,OVCA420,,0.99754515,0.996067721,0.996018465,0.893473354,0.969532999,0.999188582,0.846911185,0.898140485,0.999534413,0.859433848,0.989635615,0.661477202,0.910488271,0.937567064,,,0.941850939,0.982929272,0.997469321,0.842693248,,0.867370202,,0.804552722,,,0.977778444,0.729318928,0.669553473,,,0.995755337,0.995211907,,,,0.998840818,,,0.965462613,,,0.996712765,0.927079583,0.959406662,0.843157061,0.769708374,0.858654457,,0.665435933,,0.821272412,0.965717918,0.994954405,0.985238992,0.980041357,0.906957567,,,,0.729877255,0.975103738,0.980110826,0.863570338,0.94993388,0.777482264,0.913735984,0.965387972,0.9519745,0.779875804,0.997125731,,,0.836674693,0.995191745,0.86119505,,0.920816328,0.777719678,,0.953950002,0.952218431,,0.928943643,0.884448715,0.797732854,0.955772972,,,,,0.821512637,0.87951782,,,,,,,0.493285451,0.943969235,0.882293109,0.460724758,0.712028176,,,0.899849082,0.923161867,0.656379438,,0.91870514,,0.983923203,0.666408179,0.63410936,0.942521178,,,,,,,,,,,,,,,,,,,,,,,0.946854425,,,,,,,,0.990324963,,,,,,,,0.972183227,,,,,0.973650683,0.984588216,0.95694525,0.974216359,0.984220676,0.923413831,0.972412477,0.968395323,0.987432244,,0.867448425,0.993026729,,0.953586364,0.979858742,0.983887777,0.947551112,0.896741314,,0.987537257,,0.970933938,0.962488926,0.950459245,0.943450551,0.968781398,0.927275613,0.939963679,0.97422436,0.801163082,0.783117557,,0.311291536,0.809284171,,0.46739503,0.707949172,0.533790234,0.858876143,0.70013839,0.993563271,0.946039162,0.978757867,0.921834239,0.901244082,0.931066705,,0.977902633,0.917905446,0.937445908,0.927677074,,0.95650907,0.959783757,0.977708055,0.915519779,0.961900913,0.991814209,0.974514159,0.882651942,,,0.982934669,0.991954001,,0.979227872,0.914436736,0.975370913,0.990720416,0.834632946,0.993701257,0.951061766,,0.73848361,,0.991503184,0.618655062,0.983951135,0.988932912,0.97839691,0.997406787,0.979692237,,,0.889350982,0.841878849,0.990185167,0.691178685,,0.954533029,0.793178809,0.722953621,0.960772787,,0.675955634,0.915769315,0.625457228,0.974601921,0.974569108,,0.865686362,0.642387415,0.616205822,,0.977086379,0.99691165,,,0.989017966,,0.939390898,0.984563854,0.999960932,,0.970350393,0.896538428,,0.985820003,0.765260964,0.478778763,0.972019084,0.821751555,,0.965954809,0.882468784,,0.833329313,0.864449767,0.966258986,0.937881526,0.809592595,,,,,,0.818691228,,,,0.974286838,0.96920458,0.980702187,0.95814255,,,,,,,,,,,,,,,,
ACH-002182,OVCA433,,0.932675035,0.715821482,0.938394262,0.710125726,0.724705021,0.991947947,,0.955934771,,0.844151431,,0.707185425,0.807057905,0.712652359,0.998078896,,0.923723906,,0.932537497,0.71370771,0.922967534,0.686818184,,0.633037332,0.999386487,,0.978963522,0.544204001,0.918720899,,,0.865791682,0.970383379,0.99893069,,,0.973144441,,0.869212487,0.786218522,0.971368443,0.947478283,0.986450436,0.834537668,0.875612657,0.739279291,0.758080689,0.816696138,,0.66802091,,0.990785772,0.891607953,0.954587771,0.966040497,0.897528061,0.922968131,,,,0.766161824,0.978032511,0.98884135,0.780814929,0.959254929,0.678231537,0.985815998,0.779586623,0.865319262,0.388935811,0.95966207,0.992453765,,0.70835332,0.997530959,0.991442414,0.67603139,,0.885569741,0.922685266,0.946074207,0.562938446,0.900650332,0.472452722,0.785138772,0.928641956,0.65680037,0.964278588,0.981721141,0.974785548,0.958373299,0.731116728,0.83944157,,,,,,,0.531520265,0.987804192,0.979871469,0.829768027,0.636842979,,,0.691509434,0.953526959,0.718629403,,,,0.931750664,0.686842023,0.705367081,,,,,,,,,,,,,,,,,,,,,,,,0.947974683,,,,,,,,0.98947489,,0.992424688,,,,,,0.974060708,,,,,0.983030118,0.994818473,0.91710213,0.93846186,0.932673447,0.845525761,0.985178887,0.997062635,0.945147326,0.955390922,0.855226213,0.969230583,,0.841574486,0.990650745,0.971982533,0.84092169,0.954565453,0.93117067,,,0.970516054,0.878914197,0.983748299,0.994053163,0.954462619,0.976244795,0.984950352,0.962859687,0.848817762,,0.980916276,0.016568706,0.94429197,0.998987602,0.783885682,0.695439646,0.587808645,0.920233867,0.705860619,0.982635961,0.961839332,0.976158153,0.959400625,0.889758754,0.933880461,0.997280102,0.982539952,0.869905485,0.973193775,0.992620407,,,0.949755523,0.986917449,0.945545813,0.986093526,0.980821926,,0.75492602,,,0.961861369,0.980296058,0.755679271,0.855806569,0.957790615,0.950152313,0.943564825,0.727527546,0.897714197,0.964028024,0.979660429,0.466259422,,0.992839116,0.908496909,0.981444398,0.961046426,0.843954093,0.999360465,0.999573922,,0.993252439,0.710175501,,0.991759022,0.716819483,,0.91152783,0.878939275,0.839193054,0.77772701,,0.450380857,0.96656182,0.560536604,0.991043684,0.975789706,,0.972739906,0.742935376,0.62502397,,0.864009043,0.998237126,0.999355274,,0.933200138,,0.950152285,0.952848619,,,0.912784172,0.693918313,0.966072563,,0.785662351,0.5871598,,0.512104696,0.901675388,,0.781724538,,0.816312257,0.867276044,,0.904660577,0.722185928,,,,,,0.779387882,,,,0.982036513,0.950588713,0.947308481,0.920185898,0.957423004,,,,,,,,,,,,,,,
